Datum,Bewoelkung,Temperatur,Windgeschwindigkeit,Wettercode
01/01/2012,8,9.825,14,58
02/01/2012,7,7.4375,12,
03/01/2012,8,5.5375,18,63
04/01/2012,4,5.6875,19,80
05/01/2012,6,5.3,23,80
06/01/2012,3,2.625,10,
07/01/2012,7,6.528571,14,61
08/01/2012,7,5.9625,10,80
09/01/2012,8,5.15,12,61
10/01/2012,6,6.1125,10,
11/01/2012,6,7.8625,16,51
12/01/2012,7,7.4375,25,61
13/01/2012,2,4.8,18,
14/01/2012,3,2.8875,10,
15/01/2012,1,2.225,6,
16/01/2012,8,3.0625,6,61
17/01/2012,6,4.4875,10,
18/01/2012,7,2.35,12,51
19/01/2012,8,5.2625,16,80
20/01/2012,6,3.4375,12,26
21/01/2012,7,3.5375,16,68
22/01/2012,6,3.7875,12,21
23/01/2012,5,2.2125,4,10
24/01/2012,3,1.7625,6,
25/01/2012,3,-0.1875,8,
26/01/2012,2,0.3625,12,
27/01/2012,8,-1,10,71
28/01/2012,6,-1.3875,10,10
29/01/2012,7,-3.1625,8,71
30/01/2012,3,-2.275,12,
31/01/2012,1,-2.375,18,
01/02/2012,7,-1.825,16,71
02/02/2012,6,-5.85,8,85
03/02/2012,4,-5.85,14,3
04/02/2012,4,-7.5375,10,71
05/02/2012,5,-7.7125,8,
06/02/2012,4,-10.25,6,10
07/02/2012,6,-3,18,71
08/02/2012,6,-2.7625,10,
09/02/2012,6,-1.6625,21,3
10/02/2012,6,-2.8125,8,71
11/02/2012,7,-4.575,8,78
12/02/2012,8,-1.2375,16,72
13/02/2012,6,-2.325,8,10
14/02/2012,8,1.3,10,47
15/02/2012,1,4.8625,18,
16/02/2012,7,2.9625,10,61
17/02/2012,5,5.5625,14,
18/02/2012,8,6.175,14,61
19/02/2012,4,4.2,18,25
20/02/2012,5,4.1125,14,
21/02/2012,8,4.95,14,58
22/02/2012,7,7.175,18,51
23/02/2012,6,8.4125,18,
24/02/2012,7,8.35,19,20
25/02/2012,6,6.525,19,61
26/02/2012,1,4.675,8,
27/02/2012,8,3.725,12,61
28/02/2012,8,7.675,14,51
29/02/2012,8,7.775,10,47
01/03/2012,6,7.625,12,43
02/03/2012,7,5.9125,6,28
03/03/2012,5,7.0375,14,
04/03/2012,7,4.675,8,
05/03/2012,7,4.875,10,
06/03/2012,4,4.5125,10,
07/03/2012,7,4.05,10,61
08/03/2012,2,7.5125,14,
09/03/2012,8,7.825,14,10
10/03/2012,6,8.7,19,10
11/03/2012,6,8.95,14,
12/03/2012,5,9.0125,18,
13/03/2012,6,9.95,16,1
14/03/2012,7,7.7875,10,
15/03/2012,6,7.4,8,
16/03/2012,3,12.0375,14,10
17/03/2012,6,9.775,14,10
18/03/2012,7,9.8375,16,61
19/03/2012,4,8.1125,18,
20/03/2012,7,8.0875,18,51
21/03/2012,5,12.625,16,
22/03/2012,0,12.7625,6,2
23/03/2012,0,13.4875,6,
24/03/2012,5,7.8375,8,10
25/03/2012,0,13.1375,10,1
26/03/2012,7,8.4875,8,51
27/03/2012,4,15.5,10,
28/03/2012,3,14.8375,18,5
29/03/2012,6,8.9875,19,21
30/03/2012,3,9.9625,18,1
31/03/2012,4,6.1125,19,61
01/04/2012,7,6.525,19,25
02/04/2012,7,5.5875,16,
03/04/2012,7,3.3,10,22
04/04/2012,7,4.5875,18,21
05/04/2012,1,5.6375,10,
06/04/2012,7,6.2,18,61
07/04/2012,4,3.7125,19,
08/04/2012,2,5.75,10,
09/04/2012,8,6.5125,10,58
10/04/2012,8,10.5875,10,61
11/04/2012,7,10.475,12,
12/04/2012,6,9.575,12,81
13/04/2012,7,8.725,10,
14/04/2012,6,8.8125,8,25
15/04/2012,7,8.075,10,21
16/04/2012,4,7.5,16,80
17/04/2012,5,8.0375,12,
18/04/2012,6,9.6125,10,
19/04/2012,2,14.2375,14,
20/04/2012,6,9.225,10,95
21/04/2012,6,12.2,10,91
22/04/2012,6,9.9875,10,80
23/04/2012,6,9.95,10,81
24/04/2012,7,10,8,61
25/04/2012,6,11.6375,12,
26/04/2012,6,14.1875,14,60
27/04/2012,5,14.925,12,25
28/04/2012,6,9.5125,18,61
29/04/2012,7,11.4625,23,
30/04/2012,3,16.2375,8,
01/05/2012,5,13.4125,19,
02/05/2012,1,13.45,12,
03/05/2012,6,16.6,8,
04/05/2012,7,12.65,10,80
05/05/2012,2,10.5,8,
06/05/2012,5,8.6,8,
07/05/2012,7,7.575,6,61
08/05/2012,6,16.075,8,
09/05/2012,6,16.85,10,81
10/05/2012,7,17.85,12,61
11/05/2012,5,16.525,19,
12/05/2012,5,9.3875,23,80
13/05/2012,6,11.0125,10,
14/05/2012,6,14.525,12,
15/05/2012,7,11.45,10,
16/05/2012,6,8.8875,19,80
17/05/2012,4,10.8125,18,3
18/05/2012,6,16.2125,10,
19/05/2012,5,17.7625,6,
20/05/2012,6,18.475,10,
21/05/2012,5,18.514285,14,
22/05/2012,4,19.2,12,
23/05/2012,4,18.2375,14,
24/05/2012,0,18.8625,12,
25/05/2012,0,19.85,10,
26/05/2012,4,21.45,8,
27/05/2012,1,19.875,10,
28/05/2012,2,22.8375,14,
29/05/2012,4,15.35,12,
30/05/2012,6,12.9375,14,
31/05/2012,7,13.2625,10,61
01/06/2012,4,12.8875,19,25
02/06/2012,4,12.4625,16,25
03/06/2012,7,12.35,12,
04/06/2012,7,13.2125,14,
05/06/2012,5,13.2125,16,25
06/06/2012,7,13.8375,10,61
07/06/2012,7,15.1875,10,51
08/06/2012,4,19.3375,12,95
09/06/2012,6,14.6,14,61
10/06/2012,6,15,16,51
11/06/2012,3,16.525,8,
12/06/2012,7,14.1125,6,63
13/06/2012,4,15.1625,12,
14/06/2012,6,14.05,12,
15/06/2012,7,18.3125,8,63
16/06/2012,6,18.4625,10,25
17/06/2012,6,16.9625,14,25
18/06/2012,6,19.5875,19,95
19/06/2012,6,17.3125,6,
20/06/2012,6,17.65,12,
21/06/2012,4,18.5125,16,
22/06/2012,4,18.325,14,29
23/06/2012,6,16.8875,12,80
24/06/2012,8,12.875,12,63
25/06/2012,6,13.8875,18,80
26/06/2012,6,14.3,18,20
27/06/2012,8,14.5625,10,
28/06/2012,6,18.2625,8,
29/06/2012,6,22.75,8,95
30/06/2012,5,23.1375,10,
01/07/2012,4,19.5125,14,
02/07/2012,6,19.4375,10,
03/07/2012,3,20.5375,12,
04/07/2012,5,19.95,12,
05/07/2012,7,17.2625,12,10
06/07/2012,7,18.5375,10,60
07/07/2012,7,20.7875,4,
08/07/2012,5,22.975,10,95
09/07/2012,7,16.5,16,61
10/07/2012,6,18.825,14,1
11/07/2012,6,17.15,14,29
12/07/2012,5,15.4875,14,81
13/07/2012,6,17.0875,6,21
14/07/2012,6,17.9125,19,25
15/07/2012,5,16.375,16,25
16/07/2012,5,16.875,16,80
17/07/2012,5,17.1375,18,80
18/07/2012,7,16.95,6,63
19/07/2012,7,15.8125,16,81
20/07/2012,6,15.25,16,80
21/07/2012,6,16.1625,16,
22/07/2012,4,18.325,12,
23/07/2012,2,22.483333,12,
25/07/2012,1,25.65,8,
26/07/2012,1,22.5875,8,
27/07/2012,1,26.075,10,
28/07/2012,7,18.95,14,63
29/07/2012,7,16.0375,8,61
30/07/2012,6,15.1875,10,95
31/07/2012,5,17.1625,12,
01/08/2012,6,21.0625,6,
02/08/2012,6,22.725,10,29
03/08/2012,4,20.6875,10,91
04/08/2012,6,18.225,6,61
05/08/2012,6,21.6125,4,
06/08/2012,5,19.575,16,80
07/08/2012,6,17.3125,14,80
08/08/2012,4,17.9,16,80
09/08/2012,5,18.35,12,
10/08/2012,6,17.3,14,25
11/08/2012,2,18.85,10,
12/08/2012,1,19.7875,12,
13/08/2012,2,20.0375,14,
14/08/2012,2,20.1625,12,
15/08/2012,1,20.4,14,
16/08/2012,6,17.325,10,63
17/08/2012,5,21.9375,8,
18/08/2012,6,27.525,8,
19/08/2012,2,26.875,8,
20/08/2012,3,26.15,16,
21/08/2012,6,20.8125,6,
22/08/2012,4,20.0125,18,
23/08/2012,5,19.8375,18,80
24/08/2012,7,16.2625,4,61
25/08/2012,6,18.8625,8,80
26/08/2012,6,17.325,14,95
27/08/2012,2,17.8625,12,
28/08/2012,7,19.5875,8,61
29/08/2012,4,20.6625,8,3
30/08/2012,7,19.2375,6,
31/08/2012,3,17.2875,14,
01/09/2012,6,16.6,12,
02/09/2012,6,19.15,14,
03/09/2012,4,19.475,12,
04/09/2012,4,20.5375,14,
05/09/2012,6,17.1375,14,80
06/09/2012,7,16.1125,14,
07/09/2012,7,16.125,12,58
08/09/2012,5,18.4625,16,51
09/09/2012,4,21.075,6,
10/09/2012,4,23.125,12,
11/09/2012,7,17.0875,12,61
12/09/2012,4,13.9625,12,80
13/09/2012,3,15.1,8,
14/09/2012,8,13.7125,16,61
15/09/2012,6,15.625,18,80
16/09/2012,3,18.35,12,
17/09/2012,4,17.4375,14,25
18/09/2012,6,15.0375,14,80
19/09/2012,5,10.6375,16,81
20/09/2012,6,11.4875,12,80
21/09/2012,7,14.25,14,21
22/09/2012,5,11.5,14,25
23/09/2012,4,13.65,10,
24/09/2012,8,10.4125,16,61
25/09/2012,7,14.925,10,80
26/09/2012,7,12.5625,6,61
27/09/2012,7,13.2,10,61
28/09/2012,6,13.5625,12,
29/09/2012,5,13.2625,16,25
30/09/2012,4,13.875,14,25
01/10/2012,7,13.8625,10,
02/10/2012,6,15.1625,10,10
03/10/2012,7,14.175,12,65
04/10/2012,7,10.45,10,80
05/10/2012,7,9.7375,14,61
08/10/2012,4,12.4375,12,80
09/10/2012,1,10.9875,19,80
10/10/2012,5,10.1,12,80
11/10/2012,4,11.4375,6,
12/10/2012,6,10.1375,10,61
15/10/2012,6,9.5875,10,51
16/10/2012,7,10.8875,12,61
17/10/2012,7,12.1,12,21
18/10/2012,6,16.775,8,
19/10/2012,3,19.35,6,
22/10/2012,8,12.675,8,10
23/10/2012,8,11.8875,8,51
24/10/2012,8,10.9875,6,51
25/10/2012,6,8.7375,16,80
26/10/2012,5,5.1875,8,
29/10/2012,8,3.625,14,61
30/10/2012,4,7.0625,8,25
31/10/2012,6,7.95,10,10
01/11/2012,7,5.8125,10,
02/11/2012,7,7.475,12,21
05/11/2012,7,6.5875,10,61
06/11/2012,6,7.45,14,80
07/11/2012,7,10.3,16,51
08/11/2012,7,9.6625,16,80
09/11/2012,7,9.5,8,20
12/11/2012,6,7.3125,12,80
13/11/2012,7,7.2,8,10
14/11/2012,8,9.6625,6,10
15/11/2012,7,8.7125,6,5
16/11/2012,7,-0.275,6,10
19/11/2012,3,6.125,8,3
20/11/2012,6,7.675,8,10
21/11/2012,8,6.1875,12,10
22/11/2012,4,9.1,14,3
23/11/2012,7,6.7,10,61
26/11/2012,6,8.1625,10,
27/11/2012,7,7.625,8,20
28/11/2012,8,5.325,8,51
29/11/2012,7,3.4625,14,61
30/11/2012,2,0.725,10,
03/12/2012,8,1.033333,8,10
04/12/2012,7,1.375,8,69
05/12/2012,2,-4.7875,10,
06/12/2012,1,-4.45,8,
07/12/2012,4,-1.7875,8,10
10/12/2012,8,0.1875,18,71
11/12/2012,6,-1.8625,14,
12/12/2012,3,-5.7375,4,10
13/12/2012,7,-2.0625,4,78
14/12/2012,7,-2.6875,10,10
17/12/2012,8,4.1875,4,47
18/12/2012,8,3.6375,10,61
19/12/2012,7,2.8625,6,20
20/12/2012,7,2.0875,12,5
21/12/2012,7,-0.2125,10,13
30/04/2013,3,11.116666,15,0
01/05/2013,0,9.9,11,
02/05/2013,1,11.0375,12,
03/05/2013,0,12.9125,9,
04/05/2013,0,17.95,18,
05/05/2013,3,16.2125,10,
06/05/2013,0,15.675,8,
07/05/2013,1,17.4125,10,21
08/05/2013,4,18.8125,9,21
09/05/2013,7,16.125,11,21
10/05/2013,5,15.5,12,21
11/05/2013,7,15.4125,11,
12/05/2013,7,11.7125,12,61
13/05/2013,7,11.4375,10,65
14/05/2013,5,12.6,10,21
15/05/2013,4,20.5375,10,61
16/05/2013,0,16.1625,13,5
17/05/2013,0,21.3125,11,5
18/05/2013,7,13.85,12,10
19/05/2013,8,13.05,5,20
20/05/2013,7,15.775,8,21
21/05/2013,7,12.525,9,65
22/05/2013,7,9.0625,23,63
23/05/2013,5,10.525,8,61
24/05/2013,5,12.5,8,61
25/05/2013,7,11.3375,11,63
26/05/2013,7,14.1625,15,63
27/05/2013,6,14.7875,10,
28/05/2013,6,15.4,10,20
29/05/2013,7,13.6625,14,61
30/05/2013,4,16.125,11,21
31/05/2013,3,17.65,12,
01/06/2013,3,20.3875,10,21
02/06/2013,2,14.975,18,
03/06/2013,0,17.35,13,
04/06/2013,3,17.1625,15,
05/06/2013,4,19.0875,9,
06/06/2013,0,20.85,12,
07/06/2013,0,19.7,8,
08/06/2013,1,16.9625,9,
09/06/2013,4,15.8875,7,
10/06/2013,2,17.725,8,0
11/06/2013,2,16.6625,9,
12/06/2013,5,22.35,7,
14/06/2013,2,16.7125,16,0
15/06/2013,6,17.0875,27,61
16/06/2013,7,15.5875,16,21
17/06/2013,0,17.9,8,
18/06/2013,1,20.05,10,0
19/06/2013,6,23.5375,10,63
20/06/2013,2,21.8375,10,
21/06/2013,7,19.575,14,63
22/06/2013,6,19.7375,10,
23/06/2013,6,17.5375,10,21
24/06/2013,7,15.95,12,63
25/06/2013,7,15.175,10,21
26/06/2013,7,13.825,18,61
27/06/2013,7,12.55,10,61
28/06/2013,7,13.05,10,61
29/06/2013,6,14.8375,16,61
30/06/2013,7,14.0125,15,63
01/07/2013,6,17.8375,15,20
02/07/2013,3,17.3125,10,
03/07/2013,7,21.075,6,61
04/07/2013,7,18.85,7,20
05/07/2013,5,19.975,12,
06/07/2013,0,18.9625,8,
07/07/2013,0,21.375,9,
08/07/2013,0,22.725,10,5
09/07/2013,0,23.275,8,
10/07/2013,2,19.6875,13,5
11/07/2013,0,21.375,12,5
12/07/2013,0,20.2875,7,
13/07/2013,1,20.125,12,
14/07/2013,5,17.6875,15,5
15/07/2013,6,18.7375,12,
16/07/2013,1,21.1875,10,
17/07/2013,5,22.5125,8,
18/07/2013,1,23.25,11,5
19/07/2013,3,22.475,16,5
20/07/2013,0,23.1875,8,
21/07/2013,0,26.375,8,
22/07/2013,0,26.1,9,
23/07/2013,0,24.95,12,
24/07/2013,3,24.075,11,
25/07/2013,2,23.0875,9,
26/07/2013,3,27.2625,6,
27/07/2013,1,26.1625,10,
28/07/2013,4,24.8875,13,61
29/07/2013,1,22.7875,10,
30/07/2013,5,21.075,13,21
31/07/2013,5,20.275,16,65
01/08/2013,6,23.4,7,21
02/08/2013,0,31.4375,7,
03/08/2013,4,23.3625,11,63
04/08/2013,3,23.05,8,
05/08/2013,0,25.8,10,
06/08/2013,5,22.225,13,
07/08/2013,4,19.2125,8,
08/08/2013,7,16.975,12,20
09/08/2013,4,20.3375,10,21
10/08/2013,7,19.3625,12,61
11/08/2013,7,16.3875,9,61
12/08/2013,7,16.45,11,63
13/08/2013,3,16.4,16,95
14/08/2013,4,18.2625,18,61
15/08/2013,3,19.8,8,
16/08/2013,4,23.575,11,0
17/08/2013,6,20.55,7,0
18/08/2013,7,18.5875,10,63
19/08/2013,5,18.4875,8,
20/08/2013,7,17.775,8,61
21/08/2013,5,20.125,8,
22/08/2013,4,21.6625,8,
23/08/2013,1,22.0375,14,
24/08/2013,0,20.85,16,5
25/08/2013,0,21.3875,16,5
26/08/2013,0,20.125,15,5
27/08/2013,1,21.0875,12,
28/08/2013,0,21.3,7,
29/08/2013,3,20.2125,11,
30/08/2013,6,19.7875,8,5
31/08/2013,5,18.35,16,21
01/09/2013,7,15.8625,16,61
02/09/2013,7,16.575,17,63
03/09/2013,7,18.225,11,21
04/09/2013,7,18.125,5,
05/09/2013,0,21.7,8,
06/09/2013,0,24.7,9,
07/09/2013,6,22.7625,7,
08/09/2013,7,20.1625,8,61
09/09/2013,8,11.575,11,63
10/09/2013,6,13.5875,11,65
11/09/2013,6,13.9,8,61
12/09/2013,6,16.1125,6,61
13/09/2013,6,17.4375,5,21
14/09/2013,5,17.625,10,63
15/09/2013,7,14.8625,10,21
16/09/2013,3,13.1375,13,21
17/09/2013,5,13.1375,10,63
18/09/2013,4,13.05,9,
19/09/2013,5,14.8375,11,63
20/09/2013,7,13.525,6,
21/09/2013,7,15.35,9,
22/09/2013,6,17.1375,14,21
23/09/2013,7,17.3125,14,21
24/09/2013,8,15.7375,10,
25/09/2013,6,13.5375,7,61
26/09/2013,1,12.9875,12,
27/09/2013,5,13.0125,8,21
28/09/2013,0,13.1,8,
29/09/2013,3,14.175,12,
30/09/2013,1,12.825,14,
01/10/2013,0,12.9125,13,5
02/10/2013,1,12.7,10,
03/10/2013,0,11.7625,12,5
04/10/2013,5,11.2,8,63
05/10/2013,7,15.575,8,20
06/10/2013,7,15.25,6,
07/10/2013,1,16.275,7,
08/10/2013,6,15.1125,8,61
09/10/2013,7,14.3125,10,21
10/10/2013,5,10.975,6,
11/10/2013,7,13.8625,20,10
12/10/2013,8,13.025,21,63
13/10/2013,5,10.8625,5,
14/10/2013,2,12.525,6,
15/10/2013,7,10.6625,4,63
16/10/2013,8,12.275,7,
17/10/2013,7,12,15,65
18/10/2013,1,9.075,9,
19/10/2013,7,9.45,9,
20/10/2013,7,15.1875,8,21
21/10/2013,7,14.2625,8,61
22/10/2013,2,17.6375,7,
23/10/2013,6,17.675,9,
24/10/2013,5,12.6875,12,61
25/10/2013,7,11.8875,7,61
26/10/2013,5,16.775,10,21
27/10/2013,6,14.9875,16,65
28/10/2013,7,14.3625,29,63
29/10/2013,7,10.775,17,63
30/10/2013,6,10.4375,10,61
31/10/2013,5,11.1625,13,21
01/11/2013,8,10.625,9,63
02/11/2013,8,8.8875,3,63
03/11/2013,6,10.7,15,21
04/11/2013,7,6.8375,7,63
05/11/2013,4,8.9,12,61
06/11/2013,4,8.1375,12,63
07/11/2013,6,9.5,10,61
08/11/2013,3,9.325,9,
09/11/2013,5,7.7,16,63
10/11/2013,2,6.9875,12,63
11/11/2013,2,8.3125,5,
12/11/2013,7,5.9375,9,61
13/11/2013,1,8.8,12,0
14/11/2013,5,6.9375,9,21
15/11/2013,7,6.45,6,21
16/11/2013,8,8.875,12,
17/11/2013,2,8.8875,8,0
18/11/2013,7,6.65,5,63
19/11/2013,8,5.8375,8,61
20/11/2013,6,3.85,6,
21/11/2013,2,3.275,8,10
22/11/2013,7,5.375,10,21
23/11/2013,3,4.9125,6,
24/11/2013,0,4.6,16,
25/11/2013,0,3.7,10,
26/11/2013,2,2.3125,6,
27/11/2013,8,7.3125,12,61
28/11/2013,2,8.025,18,
29/11/2013,8,5.9875,11,63
30/11/2013,7,5.525,10,20
01/12/2013,5,8.6625,20,61
02/12/2013,0,3.0625,4,10
03/12/2013,8,1.7125,6,28
04/12/2013,7,5.85,11,63
05/12/2013,7,4.4625,24,63
06/12/2013,6,1.7875,25,73
07/12/2013,5,1,11,22
08/12/2013,8,6.975,16,63
09/12/2013,7,9.2375,10,45
10/12/2013,7,7.1875,8,61
11/12/2013,7,5.025,9,10
12/12/2013,8,2.525,8,28
13/12/2013,7,3.5375,6,61
14/12/2013,7,3.0125,7,61
15/12/2013,8,7.925,12,61
16/12/2013,8,8.775,12,
17/12/2013,8,4.95,8,61
18/12/2013,7,6.85,8,10
19/12/2013,7,7.4,10,63
20/12/2013,7,5.2875,10,61
21/12/2013,8,6.5625,13,63
22/12/2013,7,8.1375,12,61
23/12/2013,3,5.4875,10,
24/12/2013,7,11.4375,18,61
25/12/2013,6,8.5625,13,21
26/12/2013,6,3.775,6,28
27/12/2013,7,5.7625,15,63
28/12/2013,7,7.0625,9,21
29/12/2013,7,5.7125,9,63
30/12/2013,4,4.75,11,10
31/12/2013,4,5.0375,7,
01/01/2014,5,4.5125,8,63
02/01/2014,7,6.25,9,63
03/01/2014,7,6.8375,10,63
04/01/2014,5,6.9375,11,
05/01/2014,7,6.1875,11,63
06/01/2014,7,7.9125,11,65
07/01/2014,7,10.4375,13,
08/01/2014,7,8.6375,15,63
09/01/2014,7,9.6125,16,61
10/01/2014,7,6.6375,17,61
11/01/2014,7,5.5875,18,63
12/01/2014,2,5.525,16,21
13/01/2014,8,3.1375,10,69
14/01/2014,6,4.225,6,28
15/01/2014,7,3.228571,7,28
16/01/2014,8,2.7375,9,63
17/01/2014,7,6.7375,4,61
18/01/2014,7,5.8875,8,61
19/01/2014,7,2.8625,19,10
20/01/2014,8,0.3875,13,61
21/01/2014,7,-0.65,7,77
22/01/2014,8,-3.1125,14,22
23/01/2014,8,-3.1875,11,22
24/01/2014,2,-5.1625,13,10
25/01/2014,5,-7.0375,8,
26/01/2014,1,-8.475,10,10
27/01/2014,5,0.7,9,69
28/01/2014,7,-0.2625,10,10
29/01/2014,7,-5.05,13,77
30/01/2014,7,-4.4875,8,77
31/01/2014,8,-3.6875,7,10
01/02/2014,7,3.225,10,63
02/02/2014,0,5.4875,8,
03/02/2014,1,3.475,8,10
04/02/2014,5,3.925,6,10
05/02/2014,4,3.675,8,10
06/02/2014,7,7.875,11,20
07/02/2014,7,8.475,15,63
08/02/2014,7,6.2875,12,61
09/02/2014,5,6.7125,15,63
10/02/2014,2,6.6375,9,
11/02/2014,7,4.925,12,61
12/02/2014,4,6.1,13,10
13/02/2014,5,7.45,13,
14/02/2014,5,5.2125,9,10
15/02/2014,5,11.5,15,
16/02/2014,7,6.0625,17,63
17/02/2014,0,6.6875,9,
18/02/2014,7,7.8,8,10
19/02/2014,7,6.325,8,61
20/02/2014,6,9.1,11,10
21/02/2014,7,7.5125,11,61
22/02/2014,7,5.925,11,21
23/02/2014,1,8.625,12,
24/02/2014,1,9.4125,11,
25/02/2014,1,10.475,7,
26/02/2014,5,10.1875,8,
27/02/2014,1,8.8875,7,10
28/02/2014,7,6.1875,6,61
01/03/2014,2,5.075,9,10
02/03/2014,6,6.5625,9,10
03/03/2014,0,9.1875,10,5
04/03/2014,7,6.6875,7,10
05/03/2014,7,4.6875,7,28
06/03/2014,3,8.925,9,10
07/03/2014,6,11.275,10,5
08/03/2014,0,9.9375,6,
09/03/2014,0,16.4,9,
10/03/2014,0,15.8,9,
11/03/2014,0,7.85,9,
12/03/2014,0,10.2125,8,0
13/03/2014,0,13.375,10,
14/03/2014,1,9.6125,10,
15/03/2014,4,9.0375,27,
16/03/2014,7,9.3375,24,61
17/03/2014,7,9.5875,18,61
18/03/2014,7,9.6875,16,21
19/03/2014,7,9.45,18,61
20/03/2014,0,16.2625,13,
21/03/2014,7,6.8875,14,63
22/03/2014,5,8.85,11,63
23/03/2014,4,8.3625,10,
24/03/2014,3,7.5625,7,
25/03/2014,2,7.725,10,21
26/03/2014,5,7.85,11,21
27/03/2014,6,5.1,12,
28/03/2014,8,5.4,12,10
29/03/2014,3,9.375,8,10
30/03/2014,0,11.2625,8,28
31/03/2014,7,7.4375,4,45
01/04/2014,8,5.7625,13,10
02/04/2014,2,12.45,8,10
03/04/2014,3,7.6125,15,10
04/04/2014,6,6.45,15,0
05/04/2014,8,9.825,5,61
06/04/2014,7,12.1875,8,63
07/04/2014,7,15.7875,10,63
08/04/2014,7,9.8125,19,61
09/04/2014,7,10.1875,20,21
10/04/2014,7,9.75,4,
11/04/2014,6,12.0625,10,
12/04/2014,4,11.2,12,0
13/04/2014,6,11.0125,21,
14/04/2014,5,8.9,23,61
15/04/2014,0,9.9125,15,
16/04/2014,0,11.3625,9,
17/04/2014,5,14.4,14,
18/04/2014,7,8.2375,11,61
19/04/2014,1,11.125,13,5
20/04/2014,0,13.875,15,5
21/04/2014,4,13.425,15,0
22/04/2014,3,15.45,10,10
23/04/2014,8,9.825,11,21
24/04/2014,8,9.175,11,
25/04/2014,0,13.5625,12,
26/04/2014,0,15.45,11,
27/04/2014,0,16.225,16,
28/04/2014,0,15.8875,11,
29/04/2014,0,18.0875,8,0
30/04/2014,3,18,8,
01/05/2014,4,10.4875,14,
02/05/2014,6,10.225,13,
03/05/2014,3,11.8625,13,
04/05/2014,7,9.6,11,
05/05/2014,8,10.7125,6,21
06/05/2014,7,15.775,9,
07/05/2014,4,14.2125,15,65
08/05/2014,7,12.45,10,63
09/05/2014,6,12.3875,10,61
10/05/2014,7,13.275,12,61
11/05/2014,7,11.5625,12,63
12/05/2014,7,12.7,14,63
13/05/2014,7,11.5625,15,21
14/05/2014,7,11.5625,16,
15/05/2014,2,13.7875,8,
16/05/2014,5,13.8875,9,
17/05/2014,0,16.625,8,0
18/05/2014,4,16.5125,13,
19/05/2014,6,13.7625,8,61
20/05/2014,0,20.725,12,
21/05/2014,2,26.8625,8,
22/05/2014,0,26.375,8,
23/05/2014,7,18.0125,12,65
24/05/2014,2,17.9625,8,
25/05/2014,2,20.4625,11,
26/05/2014,0,19.9625,13,
27/05/2014,7,12.8875,21,21
28/05/2014,7,10.2,22,21
29/05/2014,4,12.7,14,
30/05/2014,0,17.9625,13,
31/05/2014,3,15.9125,15,
01/06/2014,7,13.825,6,21
02/06/2014,0,17.625,9,
03/06/2014,1,20,9,
04/06/2014,1,21.4875,14,
05/06/2014,5,15.0375,18,65
06/06/2014,3,19.3125,12,
07/06/2014,0,17.9625,8,
08/06/2014,6,22.1,12,21
09/06/2014,0,20.6625,10,
10/06/2014,1,25.7875,9,
11/06/2014,7,20.5,8,61
12/06/2014,4,19.55,12,
13/06/2014,7,17.45,18,21
14/06/2014,1,18.9125,13,
15/06/2014,0,19.275,8,
16/06/2014,6,18.3125,10,0
17/06/2014,1,20.375,7,
18/06/2014,3,19.3,13,
19/06/2014,7,15.2875,19,21
20/06/2014,7,15.9875,16,
21/06/2014,6,15.5125,18,61
22/06/2014,5,15.7,19,
23/06/2014,4,16.5,17,
24/06/2014,7,14.3625,7,21
25/06/2014,0,18.4375,10,
26/06/2014,6,17.575,8,63
27/06/2014,4,20.1625,7,95
28/06/2014,6,16.9625,6,95
29/06/2014,7,17.3125,8,61
30/06/2014,3,18.3375,12,
01/07/2014,6,15.6875,14,61
02/07/2014,6,17.1125,15,
03/07/2014,7,20.4,9,
04/07/2014,0,26.9375,10,
05/07/2014,6,24.5875,10,65
06/07/2014,5,25.2375,6,
07/07/2014,5,20.8,10,
08/07/2014,7,19.6,15,63
09/07/2014,0,24.65,24,5
10/07/2014,0,24.757142,18,0
11/07/2014,1,22.9375,18,
12/07/2014,0,20.375,12,
13/07/2014,7,18.6,10,61
14/07/2014,7,19.45,15,63
15/07/2014,6,22.2625,9,
16/07/2014,6,19.4125,7,
17/07/2014,4,22.7625,7,
18/07/2014,1,26.05,10,
19/07/2014,0,28.0625,13,
20/07/2014,3,24.3125,15,
21/07/2014,0,23.4875,19,5
22/07/2014,0,24.9875,14,
23/07/2014,0,25,14,
24/07/2014,0,24.8375,11,
25/07/2014,0,26.325,18,
26/07/2014,6,22.375,10,21
27/07/2014,3,25.55,12,21
28/07/2014,0,24.7625,7,
29/07/2014,0,25.35,10,
30/07/2014,6,22.925,12,
31/07/2014,3,22.4375,12,21
01/08/2014,1,26.725,8,
02/08/2014,2,26.0875,12,
03/08/2014,5,23.0875,9,63
04/08/2014,6,22.5125,8,
05/08/2014,5,23.0875,10,
06/08/2014,0,22.825,10,
07/08/2014,7,20.3125,6,61
08/08/2014,3,22.725,8,
09/08/2014,6,20.1,17,61
10/08/2014,6,23.1,12,
11/08/2014,4,20.075,13,21
12/08/2014,5,16.9125,12,95
13/08/2014,2,20.9375,10,
14/08/2014,7,18.05,10,65
15/08/2014,6,18.3625,8,61
16/08/2014,6,17.2,15,61
17/08/2014,7,15.65,13,61
18/08/2014,6,15.2,15,61
19/08/2014,6,14.0875,12,61
20/08/2014,5,15.675,17,21
21/08/2014,5,16.2625,11,21
22/08/2014,7,16.325,12,61
23/08/2014,4,15.9875,11,21
24/08/2014,3,16.3125,20,21
25/08/2014,5,14.7875,13,65
26/08/2014,3,17.325,7,
27/08/2014,1,19.875,9,
28/08/2014,0,19.75,9,0
29/08/2014,5,19.125,12,63
30/08/2014,7,17.75,9,61
31/08/2014,7,16.375,8,21
01/09/2014,7,17.875,12,61
02/09/2014,2,18.375,13,
03/09/2014,2,18.75,13,
04/09/2014,0,20,15,
05/09/2014,2,21.375,10,
06/09/2014,2,24,5,
07/09/2014,5,20,6,21
08/09/2014,4,17.375,12,21
09/09/2014,6,17.125,16,63
10/09/2014,2,18.625,12,
11/09/2014,4,17.375,13,
12/09/2014,1,18.25,11,
13/09/2014,7,17,12,
14/09/2014,7,17.625,14,61
15/09/2014,2,19.75,13,
16/09/2014,0,20.125,13,
17/09/2014,1,19.875,18,
18/09/2014,0,20.5,13,
19/09/2014,0,20.75,9,5
20/09/2014,3,19.375,7,10
21/09/2014,4,17,15,21
22/09/2014,6,13,17,21
23/09/2014,4,14.75,6,
24/09/2014,7,15.375,10,63
25/09/2014,7,14.5,17,61
26/09/2014,7,16.75,13,61
27/09/2014,2,16.375,14,
28/09/2014,4,18.5,7,
29/09/2014,6,18.125,6,
30/09/2014,7,16.5,5,61
01/10/2014,6,17.75,6,10
02/10/2014,6,18,6,
03/10/2014,3,20,6,10
04/10/2014,0,18.5,8,5
05/10/2014,1,16.25,7,
06/10/2014,2,15.75,15,10
07/10/2014,7,13,10,65
08/10/2014,6,14.125,10,61
09/10/2014,5,17.875,10,
10/10/2014,4,16.375,10,
11/10/2014,3,17,5,
12/10/2014,5,15.125,7,20
13/10/2014,7,12.625,12,63
14/10/2014,6,14,5,61
15/10/2014,7,13.875,6,21
16/10/2014,7,13.5,6,61
17/10/2014,7,14.375,10,65
18/10/2014,7,15.25,7,21
19/10/2014,7,17.375,13,95
20/10/2014,6,14.625,18,61
21/10/2014,7,12.5,9,63
22/10/2014,6,13,12,0
23/10/2014,6,13.125,7,0
24/10/2014,7,13.5,9,
25/10/2014,7,12.125,7,61
26/10/2014,5,12.75,9,0
27/10/2014,2,14.5,9,
28/10/2014,0,13.875,8,
29/10/2014,7,8.375,7,20
30/10/2014,2,10.625,5,10
31/10/2014,8,12.875,5,10
01/11/2014,2,16.5,8,0
02/11/2014,3,15.375,10,21
03/11/2014,4,13.75,12,0
04/11/2014,7,11.625,8,61
05/11/2014,7,9.5,11,61
06/11/2014,5,8.875,10,0
07/11/2014,0,8.625,9,10
08/11/2014,6,10.25,8,
09/11/2014,3,10.625,8,
10/11/2014,6,8.75,7,61
11/11/2014,2,8.625,7,10
12/11/2014,7,9.75,10,10
13/11/2014,7,10.75,4,28
14/11/2014,7,10.75,10,10
15/11/2014,8,9.25,14,10
16/11/2014,7,8,14,61
17/11/2014,7,9.625,7,10
18/11/2014,7,8.875,13,61
19/11/2014,7,8.5,11,61
20/11/2014,5,6.125,7,0
21/11/2014,6,6.5,5,61
22/11/2014,7,5.75,9,61
23/11/2014,6,6.75,7,21
24/11/2014,3,9.375,10,0
25/11/2014,0,6.875,4,0
26/11/2014,3,5.625,8,
27/11/2014,0,4.5,10,10
28/11/2014,6,1.625,16,10
29/11/2014,8,1,10,5
30/11/2014,8,0,11,10
01/12/2014,7,-2,13,10
02/12/2014,8,-3,7,10
03/12/2014,7,0.625,10,10
04/12/2014,8,3.75,9,61
05/12/2014,7,2,7,61
06/12/2014,2,5.75,7,10
07/12/2014,7,4.875,12,61
08/12/2014,7,3.25,8,61
09/12/2014,8,2.125,9,45
10/12/2014,5,4.875,13,61
11/12/2014,7,4,12,95
12/12/2014,7,7.25,18,61
13/12/2014,5,4.75,10,61
14/12/2014,4,3.5,9,10
15/12/2014,7,4.75,11,61
16/12/2014,8,4.625,12,61
17/12/2014,7,3.625,10,61
18/12/2014,7,10,11,61
19/12/2014,5,8.125,15,61
20/12/2014,6,5.375,24,21
21/12/2014,6,6.625,14,21
22/12/2014,7,9.75,21,63
23/12/2014,7,9.125,19,61
24/12/2014,5,7.75,21,61
25/12/2014,7,3.125,17,71
26/12/2014,6,0,6,22
27/12/2014,3,-0.25,8,
28/12/2014,1,-0.5,7,0
29/12/2014,5,0.75,10,0
30/12/2014,7,5.25,9,21
31/12/2014,6,7.375,11,61
01/01/2015,8,4.125,13,10
02/01/2015,6,7.75,24,61
03/01/2015,7,4.875,25,69
04/01/2015,0,4.75,15,
05/01/2015,8,5.875,8,20
06/01/2015,8,3.625,8,10
07/01/2015,6,5.75,10,61
08/01/2015,8,6.375,9,61
09/01/2015,6,7.5,25,63
10/01/2015,6,10,28,61
11/01/2015,5,4.25,23,61
12/01/2015,7,7.5,19,61
13/01/2015,7,7.75,14,61
14/01/2015,6,3.125,16,71
15/01/2015,7,6.75,14,61
16/01/2015,6,6.75,13,0
17/01/2015,1,4.25,12,21
18/01/2015,8,2,9,61
19/01/2015,7,1,5,71
20/01/2015,7,-0.375,4,77
21/01/2015,8,-1.125,4,10
22/01/2015,7,-1.375,3,49
23/01/2015,8,-1.25,5,20
24/01/2015,7,-0.5,10,71
25/01/2015,6,2.875,6,
26/01/2015,7,3.375,10,61
27/01/2015,2,4.875,13,
28/01/2015,7,4.875,17,61
29/01/2015,7,1.5,12,75
30/01/2015,7,1.125,6,
31/01/2015,7,-2.375,7,49
01/02/2015,7,-0.25,9,75
02/02/2015,6,1,10,22
03/02/2015,7,-1,10,77
04/02/2015,6,-1.875,9,0
05/02/2015,5,0.75,10,22
06/02/2015,2,-0.5,6,22
07/02/2015,7,4.125,18,20
08/02/2015,1,3.375,14,
09/02/2015,7,6.875,13,61
10/02/2015,7,7.625,11,
11/02/2015,8,4,5,
12/02/2015,8,2,4,10
13/02/2015,8,1.25,6,10
14/02/2015,7,1.625,9,28
15/02/2015,7,3.125,16,10
16/02/2015,8,2,9,10
17/02/2015,6,1.125,7,45
18/02/2015,3,5.5,12,10
19/02/2015,0,6.25,13,5
20/02/2015,8,3.875,11,71
21/02/2015,7,3.875,16,61
22/02/2015,5,5.25,13,0
23/02/2015,7,4.5,12,61
24/02/2015,7,5.625,12,61
25/02/2015,5,5.875,10,
26/02/2015,5,6.625,10,0
27/02/2015,7,4.5,9,61
28/02/2015,3,5.625,10,0
01/03/2015,7,6.75,15,61
02/03/2015,6,5.125,23,61
03/03/2015,6,5,14,61
04/03/2015,6,5,18,61
05/03/2015,7,6.625,14,
06/03/2015,7,8.125,12,20
07/03/2015,7,10.125,13,0
08/03/2015,0,14,12,
09/03/2015,4,8.375,6,
10/03/2015,3,9.5,13,10
11/03/2015,0,9.125,12,
12/03/2015,0,7.125,10,0
13/03/2015,6,4.875,15,
14/03/2015,7,5.125,15,
15/03/2015,7,5.75,13,21
16/03/2015,2,8.625,13,10
17/03/2015,1,10.75,11,5
18/03/2015,4,10.625,8,
19/03/2015,0,10.375,9,0
20/03/2015,7,5,9,45
21/03/2015,7,4.5,21,61
22/03/2015,0,4.375,8,
23/03/2015,0,7.75,12,
24/03/2015,6,7.875,6,0
25/03/2015,6,7.875,14,5
26/03/2015,7,7.125,9,0
27/03/2015,7,7,7,61
28/03/2015,7,8.5,10,
29/03/2015,7,8.25,12,61
30/03/2015,6,6.5,29,61
31/03/2015,7,6.375,35,61
01/04/2015,4,5,24,22
02/04/2015,6,6.5,19,61
03/04/2015,5,7.375,14,
04/04/2015,0,8.375,11,
05/04/2015,3,8.625,11,
06/04/2015,0,7.75,10,
07/04/2015,7,7.75,14,61
08/04/2015,2,12,11,
09/04/2015,2,11.875,7,0
10/04/2015,1,14.125,8,5
11/04/2015,2,16.75,14,61
12/04/2015,5,12.375,16,
13/04/2015,4,8.875,21,61
14/04/2015,7,10.75,17,61
15/04/2015,0,15.5,19,5
16/04/2015,6,9.375,16,21
17/04/2015,0,10.5,15,
18/04/2015,0,10.875,8,
19/04/2015,0,10.125,11,
20/04/2015,0,14.25,9,
21/04/2015,0,14.625,17,5
22/04/2015,0,12.125,7,
23/04/2015,1,13.625,12,
24/04/2015,2,13.875,9,20
25/04/2015,7,13.75,8,63
26/04/2015,8,7,11,61
27/04/2015,4,10.125,11,
28/04/2015,3,10.25,13,
29/04/2015,5,12.625,12,
30/04/2015,6,11.375,10,61
01/05/2015,6,10,6,21
02/05/2015,3,11,12,0
03/05/2015,1,14.75,12,61
04/05/2015,5,15.875,13,21
05/05/2015,4,20,15,95
06/05/2015,3,17.125,11,21
07/05/2015,6,12,16,21
08/05/2015,2,11.5,11,
09/05/2015,7,13.5,14,61
10/05/2015,2,12.75,18,0
11/05/2015,0,19.75,11,
12/05/2015,7,14.625,14,63
13/05/2015,7,11.875,16,21
14/05/2015,7,11.25,10,20
15/05/2015,6,13.5,9,
16/05/2015,7,10.5,11,61
17/05/2015,3,12.625,17,21
18/05/2015,6,11.625,8,61
19/05/2015,6,10.125,11,63
20/05/2015,5,12.25,9,63
21/05/2015,6,12.625,10,61
22/05/2015,4,17,12,
23/05/2015,5,13.375,8,0
24/05/2015,2,14.375,8,
25/05/2015,7,11.75,10,61
26/05/2015,6,13,14,21
27/05/2015,7,12.625,13,61
28/05/2015,6,13.125,12,63
29/05/2015,6,14.625,8,61
30/05/2015,4,11.625,15,61
31/05/2015,7,14.5,10,61
01/06/2015,5,14.25,16,
02/06/2015,7,14.25,14,61
03/06/2015,6,15.25,18,21
04/06/2015,0,16.375,9,0
05/06/2015,0,22.625,9,
06/06/2015,3,18.5,19,10
07/06/2015,4,16.625,15,
08/06/2015,6,14.375,12,
09/06/2015,3,15.25,8,
10/06/2015,0,18,7,
11/06/2015,1,16,10,
12/06/2015,0,20.25,10,
13/06/2015,6,21.875,12,61
14/06/2015,7,14.375,12,
15/06/2015,8,13.625,11,21
16/06/2015,7,13.625,14,
17/06/2015,7,16.5,9,61
18/06/2015,7,13.25,13,61
19/06/2015,7,14.25,14,61
20/06/2015,5,17.125,13,
21/06/2015,6,15.75,6,
22/06/2015,5,13.5,8,61
23/06/2015,5,16.5,10,21
24/06/2015,8,12.625,14,61
25/06/2015,6,17.125,8,21
26/06/2015,7,19.25,5,61
27/06/2015,7,19.375,16,61
28/06/2015,2,19.875,10,
29/06/2015,3,21.5,12,
30/06/2015,3,20.25,9,
01/07/2015,0,23.125,13,
02/07/2015,0,27.375,12,
03/07/2015,1,25.625,10,
04/07/2015,0,26.5,10,
05/07/2015,4,25.25,9,21
06/07/2015,3,19.875,16,
07/07/2015,4,24.75,9,61
08/07/2015,6,16.625,16,63
09/07/2015,6,14.375,24,61
10/07/2015,3,16.125,18,21
11/07/2015,6,17.75,9,21
12/07/2015,7,19.25,12,61
13/07/2015,6,19.375,11,
14/07/2015,3,19.625,9,0
15/07/2015,3,20.125,14,
16/07/2015,4,18.75,7,
17/07/2015,4,23.25,12,21
18/07/2015,2,20.875,16,
19/07/2015,7,14.5,5,63
20/07/2015,6,18.375,12,20
21/07/2015,3,21.375,16,0
22/07/2015,2,23.75,12,0
23/07/2015,5,18.375,12,61
24/07/2015,7,19.375,10,
25/07/2015,6,20,10,95
26/07/2015,5,16.75,19,61
27/07/2015,7,15.875,8,61
28/07/2015,7,17.375,15,63
29/07/2015,5,14.875,12,61
30/07/2015,7,14,16,61
31/07/2015,7,15.875,15,
01/08/2015,0,17.625,12,
02/08/2015,0,21.5,8,
03/08/2015,0,26,7,
04/08/2015,2,26.5,15,61
05/08/2015,2,21.75,8,21
06/08/2015,1,27.625,6,
07/08/2015,4,20,9,63
08/08/2015,6,19.125,10,
09/08/2015,0,21,10,
10/08/2015,3,22.5,8,21
11/08/2015,4,22.125,7,
12/08/2015,5,19.125,9,21
13/08/2015,0,20.75,13,0
14/08/2015,4,24,14,
15/08/2015,7,20.875,8,61
16/08/2015,6,21.5,10,0
17/08/2015,7,19.375,14,61
18/08/2015,7,19.25,13,21
19/08/2015,3,19.625,8,5
20/08/2015,1,20.375,8,10
21/08/2015,1,22.875,7,0
22/08/2015,0,23.5,12,
23/08/2015,0,21.625,18,0
24/08/2015,6,20.75,8,
25/08/2015,6,17.75,12,21
26/08/2015,5,22.125,9,
27/08/2015,6,18.125,12,61
28/08/2015,2,19.625,11,20
29/08/2015,4,20.125,6,
30/08/2015,5,19.375,10,21
31/08/2015,3,21.875,8,65
01/09/2015,8,17.625,12,61
02/09/2015,5,17,13,21
03/09/2015,3,17.75,8,
04/09/2015,7,15.625,10,61
05/09/2015,5,14.125,20,61
06/09/2015,5,17,18,
07/09/2015,0,17.25,12,
08/09/2015,2,17.5,9,0
09/09/2015,1,16.875,10,
10/09/2015,1,17.625,14,
11/09/2015,7,15,12,61
12/09/2015,5,18.5,8,
13/09/2015,6,18.5,5,20
14/09/2015,7,17.625,6,63
15/09/2015,4,13.875,10,95
16/09/2015,7,15.25,6,61
17/09/2015,6,18,12,61
18/09/2015,5,17.25,10,0
19/09/2015,7,15.25,7,61
20/09/2015,3,15.625,15,21
21/09/2015,7,13.375,6,61
22/09/2015,7,14.25,7,61
23/09/2015,7,14,5,20
24/09/2015,3,16,11,0
25/09/2015,4,14.875,8,61
26/09/2015,4,15.25,7,21
27/09/2015,1,15.25,8,
28/09/2015,2,14.625,7,0
29/09/2015,2,15.625,9,0
30/09/2015,0,15.375,6,0
01/10/2015,1,14.75,9,0
02/10/2015,2,15.375,7,10
03/10/2015,2,14.375,9,0
04/10/2015,6,15.625,7,45
05/10/2015,0,16.5,5,10
06/10/2015,7,14.875,14,10
07/10/2015,8,13,7,63
08/10/2015,7,11.875,5,10
09/10/2015,7,11.125,7,21
10/10/2015,1,9.75,14,0
11/10/2015,0,10.25,13,5
12/10/2015,0,8.625,12,5
13/10/2015,7,7.75,10,61
14/10/2015,7,9,11,61
15/10/2015,7,10.375,16,61
16/10/2015,7,10,14,61
17/10/2015,7,10.75,9,61
18/10/2015,8,11.125,10,61
19/10/2015,6,9.25,7,0
20/10/2015,7,10.25,8,20
21/10/2015,7,11.25,7,
22/10/2015,7,12.25,10,61
23/10/2015,1,13.375,15,
24/10/2015,8,12.375,6,
25/10/2015,2,12.25,15,
26/10/2015,0,11.375,6,0
27/10/2015,0,10.75,10,
28/10/2015,1,11.25,10,5
29/10/2015,2,10.5,4,10
30/10/2015,7,11.375,5,10
31/10/2015,1,11.75,9,10
01/11/2015,4,10.75,6,10
02/11/2015,8,9.75,5,10
03/11/2015,7,5.125,4,45
04/11/2015,1,8,4,10
05/11/2015,6,13.375,5,61
06/11/2015,8,13.75,6,61
07/11/2015,7,14.625,9,61
08/11/2015,1,13,12,
09/11/2015,5,12,15,21
10/11/2015,7,15,18,61
11/11/2015,8,13.625,12,61
12/11/2015,2,13.125,17,0
13/11/2015,4,11.75,19,21
14/11/2015,4,8.125,14,21
15/11/2015,7,8.5,4,61
16/11/2015,7,12.25,12,53
17/11/2015,7,10.75,8,21
18/11/2015,6,10.75,19,21
19/11/2015,7,10.125,20,61
20/11/2015,7,7.75,9,61
21/11/2015,7,4.5,15,63
22/11/2015,7,2.25,18,73
23/11/2015,4,3.125,8,
24/11/2015,7,3.125,14,61
25/11/2015,7,5.125,7,61
26/11/2015,0,5.5,7,
27/11/2015,7,5.25,11,
28/11/2015,2,6.125,11,61
29/11/2015,7,8.25,15,63
30/11/2015,5,5.75,18,61
01/12/2015,6,6.75,10,21
02/12/2015,7,10.5,9,21
03/12/2015,8,9.125,8,61
04/12/2015,6,9.25,17,61
05/12/2015,6,9,14,61
06/12/2015,7,10.875,19,20
07/12/2015,6,8.25,3,
08/12/2015,0,10.75,8,0
09/12/2015,3,8.75,12,21
10/12/2015,7,6.625,13,21
11/12/2015,5,6.125,11,63
12/12/2015,3,6.875,10,61
13/12/2015,1,5.25,9,
14/12/2015,7,3.625,6,21
15/12/2015,7,5.5,8,61
16/12/2015,8,6.25,7,10
17/12/2015,7,11.875,9,53
18/12/2015,8,10.375,15,61
19/12/2015,6,11.375,10,0
20/12/2015,5,12.5,9,
21/12/2015,7,10.25,14,21
22/12/2015,7,11.25,17,61
23/12/2015,6,10.375,20,61
24/12/2015,3,8.375,11,61
25/12/2015,2,7.875,14,0
26/12/2015,7,12.75,18,63
27/12/2015,7,10.875,15,61
28/12/2015,8,4.75,11,
29/12/2015,7,5.125,11,
30/12/2015,8,5.25,9,0
31/12/2015,7,2,10,61
01/01/2016,7,4.5,6,28
02/01/2016,8,0,16,10
03/01/2016,7,-5.5,13,0
04/01/2016,5,-6,15,10
05/01/2016,1,-3.625,14,5
06/01/2016,0,-3,12,5
07/01/2016,7,-4,13,22
08/01/2016,7,1.75,20,61
09/01/2016,4,2.875,6,21
10/01/2016,7,2.125,8,63
11/01/2016,7,2.5,6,45
12/01/2016,7,4,8,63
13/01/2016,8,1.875,14,61
14/01/2016,6,1.75,6,10
15/01/2016,7,2.125,12,10
16/01/2016,7,0.5,5,10
17/01/2016,3,-1.375,9,
18/01/2016,6,-1.75,6,10
19/01/2016,7,-2.5,10,73
20/01/2016,7,-1.625,8,28
21/01/2016,4,-4.875,5,20
22/01/2016,1,-3,7,10
23/01/2016,6,3.125,6,49
24/01/2016,7,5.125,7,10
25/01/2016,8,9,9,45
26/01/2016,7,7.875,9,
27/01/2016,7,10.375,15,61
28/01/2016,5,6.75,16,21
29/01/2016,7,8.125,17,61
30/01/2016,7,6.625,17,65
31/01/2016,6,4.125,13,61
01/02/2016,7,7.875,21,61
02/02/2016,6,7.5,20,61
03/02/2016,6,4.75,15,61
04/02/2016,5,4.25,12,22
05/02/2016,7,4.5,10,61
06/02/2016,7,9.375,11,21
07/02/2016,6,9.75,12,21
08/02/2016,7,8.5,16,63
09/02/2016,5,6.75,15,61
10/02/2016,7,3.75,9,61
11/02/2016,7,5.25,7,61
12/02/2016,7,3.5,6,61
13/02/2016,6,2,8,20
14/02/2016,8,2.875,20,61
15/02/2016,8,0.75,14,
16/02/2016,0,2.125,5,
17/02/2016,1,1.75,10,0
18/02/2016,5,1.875,6,10
19/02/2016,7,3.25,6,61
20/02/2016,7,6,12,61
21/02/2016,7,6.875,12,61
22/02/2016,6,5.875,15,61
23/02/2016,4,6.125,17,61
24/02/2016,3,4,15,61
25/02/2016,6,3.5,10,53
26/02/2016,6,3.625,8,
27/02/2016,4,1.5,5,45
28/02/2016,1,3.5,6,0
29/02/2016,7,2.125,10,0
01/03/2016,5,2.25,8,
02/03/2016,7,5,16,63
03/03/2016,7,4.75,5,21
04/03/2016,2,3.875,9,10
05/03/2016,8,3.25,5,61
06/03/2016,7,4.5,11,10
07/03/2016,6,4.75,10,20
08/03/2016,6,5,10,61
09/03/2016,0,6.75,9,5
10/03/2016,8,4.375,11,10
11/03/2016,8,3.5,11,
12/03/2016,8,2.75,7,0
13/03/2016,8,0.875,8,10
14/03/2016,8,5,8,10
15/03/2016,5,5.75,12,61
16/03/2016,1,6.375,11,0
17/03/2016,0,9.25,12,0
18/03/2016,8,5.375,9,21
19/03/2016,7,6,15,45
20/03/2016,6,8.625,15,61
21/03/2016,7,7.5,19,61
22/03/2016,7,8.125,13,61
23/03/2016,1,9.125,13,
24/03/2016,7,7.375,10,21
25/03/2016,8,7.875,7,61
26/03/2016,1,9.75,9,0
27/03/2016,7,8.625,12,61
28/03/2016,6,11.625,18,61
29/03/2016,6,10,13,21
30/03/2016,5,8.5,15,61
31/03/2016,4,9,13,21
01/04/2016,0,9.125,7,
02/04/2016,3,12.75,8,
03/04/2016,7,15.5,5,21
04/04/2016,6,17.375,6,21
05/04/2016,7,10,7,61
06/04/2016,6,11.125,12,61
07/04/2016,6,8.625,13,21
08/04/2016,6,9,9,63
09/04/2016,4,10.125,11,0
10/04/2016,7,10.875,13,
11/04/2016,1,10,15,5
12/04/2016,6,8,9,61
13/04/2016,5,9.75,11,10
14/04/2016,6,10,8,0
15/04/2016,7,10.625,8,61
16/04/2016,6,12.75,15,53
17/04/2016,4,9.875,19,21
18/04/2016,7,9.625,16,21
19/04/2016,5,9.5,23,21
20/04/2016,2,10.5,17,
21/04/2016,2,11.625,16,
22/04/2016,5,10.5,12,
23/04/2016,3,8.875,17,21
24/04/2016,4,5.75,10,21
25/04/2016,8,4.625,10,61
26/04/2016,7,2.5,7,75
27/04/2016,7,4.875,8,61
28/04/2016,6,7.5,16,61
29/04/2016,6,9.75,13,61
30/04/2016,8,8,7,61
01/05/2016,0,10.75,9,
02/05/2016,1,17.875,6,
03/05/2016,6,11.375,15,61
04/05/2016,1,12.375,10,
05/05/2016,0,15.125,13,
06/05/2016,0,19,14,
07/05/2016,0,22.125,12,
08/05/2016,0,21.375,17,
09/05/2016,0,19.875,12,
10/05/2016,0,20.875,14,
11/05/2016,0,20.625,15,
12/05/2016,0,15.625,17,0
13/05/2016,2,17.5,16,65
14/05/2016,7,10,14,21
15/05/2016,6,9.75,12,61
16/05/2016,5,11.25,16,
17/05/2016,7,10.75,15,21
18/05/2016,5,16.75,7,
19/05/2016,2,19.5,10,0
20/05/2016,8,14.75,11,61
21/05/2016,6,19.375,9,21
22/05/2016,1,25,9,
23/05/2016,7,15.5,8,21
24/05/2016,8,14.25,10,21
25/05/2016,7,16.5,6,20
26/05/2016,7,14.375,6,61
27/05/2016,4,15.875,9,61
28/05/2016,2,18.625,11,
29/05/2016,6,17,13,21
30/05/2016,4,20.25,17,0
31/05/2016,1,20.625,13,0
01/06/2016,4,21.75,16,0
02/06/2016,1,21.5,13,
03/06/2016,0,21.875,10,
04/06/2016,0,24.5,7,
05/06/2016,0,25.25,9,
06/06/2016,1,22.875,15,
07/06/2016,1,25.375,8,
08/06/2016,4,18.875,13,
09/06/2016,1,19.5,16,
10/06/2016,3,18.125,13,
11/06/2016,0,17.375,12,
12/06/2016,7,13.875,7,61
13/06/2016,7,15.25,11,63
14/06/2016,7,16.5,8,61
15/06/2016,6,18.25,8,95
16/06/2016,6,18.25,7,63
17/06/2016,6,18.125,10,21
18/06/2016,6,18,12,21
19/06/2016,7,16,14,
20/06/2016,4,20.875,10,61
21/06/2016,4,19.875,9,
22/06/2016,5,22.125,9,61
23/06/2016,5,27.875,8,
24/06/2016,5,24.125,9,
25/06/2016,7,18.25,14,95
26/06/2016,5,19.25,11,0
27/06/2016,7,19.375,10,61
28/06/2016,4,18.375,11,21
29/06/2016,5,18.75,9,21
30/06/2016,7,18.25,9,61
01/07/2016,8,19.25,7,63
02/07/2016,7,15.625,12,61
03/07/2016,4,17.125,12,61
04/07/2016,6,17.25,10,61
05/07/2016,7,17.125,10,95
06/07/2016,5,16.5,22,21
07/07/2016,6,18.25,11,21
08/07/2016,6,19.125,8,63
09/07/2016,5,19.125,12,
10/07/2016,6,24.125,8,
11/07/2016,6,20,13,21
12/07/2016,4,19.125,14,95
13/07/2016,6,16.375,6,63
14/07/2016,7,16.375,12,53
15/07/2016,7,17,16,61
16/07/2016,7,18,10,61
17/07/2016,7,17.25,9,61
18/07/2016,7,18.5,15,21
19/07/2016,6,22.375,12,20
20/07/2016,0,26,9,
21/07/2016,3,25.875,8,
22/07/2016,3,26,6,21
23/07/2016,3,25.375,9,
24/07/2016,0,25.25,10,
25/07/2016,4,25.375,7,95
26/07/2016,3,21.875,9,20
27/07/2016,4,21.375,6,
28/07/2016,4,21.25,7,20
29/07/2016,6,21,10,65
30/07/2016,4,19.625,10,65
31/07/2016,7,17.375,6,61
01/08/2016,3,18.5,14,61
02/08/2016,4,19.75,7,20
03/08/2016,7,19.375,9,61
04/08/2016,6,20.375,11,61
05/08/2016,4,20.5,15,21
06/08/2016,5,17.5,14,95
07/08/2016,6,21.125,13,21
08/08/2016,5,19,18,21
09/08/2016,5,15.375,18,21
10/08/2016,4,14.5,15,95
11/08/2016,7,13.875,9,61
12/08/2016,7,18.25,12,61
13/08/2016,7,18.125,12,61
14/08/2016,6,18.125,12,21
15/08/2016,5,18.625,11,
16/08/2016,2,19.375,10,
17/08/2016,0,19.571428,8,
18/08/2016,3,18.25,9,
19/08/2016,3,20.375,8,
20/08/2016,7,20.25,9,61
21/08/2016,4,19.875,9,21
22/08/2016,7,18.375,10,65
23/08/2016,6,21.75,8,
24/08/2016,0,25.375,6,
25/08/2016,0,28.375,6,
26/08/2016,0,27.75,13,
27/08/2016,0,20.375,8,
28/08/2016,4,21.875,12,63
29/08/2016,3,18.5,15,21
30/08/2016,2,20.25,12,
31/08/2016,0,23.125,6,
01/09/2016,5,20.25,13,21
02/09/2016,4,19.125,8,61
03/09/2016,5,19.25,12,21
04/09/2016,6,19.25,8,61
05/09/2016,0,19.125,12,0
06/09/2016,2,21.75,6,
07/09/2016,0,23.625,6,
08/09/2016,0,25.625,7,
09/09/2016,2,21.375,10,0
10/09/2016,0,23.875,6,
11/09/2016,6,20.875,10,
12/09/2016,0,25.375,8,
13/09/2016,0,27.875,8,
14/09/2016,0,25.25,9,
15/09/2016,0,23.75,13,
16/09/2016,4,22.75,8,0
17/09/2016,5,18.875,14,
18/09/2016,7,16.75,15,21
19/09/2016,7,17,9,
20/09/2016,5,17.5,8,
21/09/2016,3,18.375,10,
22/09/2016,4,18.5,6,
23/09/2016,4,18.625,12,21
24/09/2016,0,18.625,6,
25/09/2016,0,21.375,8,
26/09/2016,4,18.25,6,0
27/09/2016,0,19.875,6,0
28/09/2016,6,19.125,19,
29/09/2016,7,17.375,13,61
30/09/2016,6,14,11,61
01/10/2016,3,15.875,6,
02/10/2016,3,15.75,7,21
03/10/2016,7,14.375,18,61
04/10/2016,5,13.25,16,
05/10/2016,3,12,19,
06/10/2016,7,11.25,17,20
07/10/2016,7,11.125,15,0
08/10/2016,5,11.625,16,
09/10/2016,7,9.125,10,61
10/10/2016,7,11.125,10,61
11/10/2016,7,9.875,20,61
12/10/2016,7,9.75,18,63
13/10/2016,6,10.875,15,0
14/10/2016,7,9.125,13,61
15/10/2016,8,8.625,12,61
16/10/2016,8,11.375,6,10
17/10/2016,8,9.75,6,10
18/10/2016,7,13.25,6,28
19/10/2016,8,7.625,4,61
20/10/2016,7,10.125,10,21
21/10/2016,6,9.875,10,61
22/10/2016,8,8.125,12,61
23/10/2016,7,8.625,4,21
24/10/2016,5,9.25,8,10
25/10/2016,5,9,8,0
26/10/2016,6,7.375,6,10
27/10/2016,7,13.375,9,21
28/10/2016,6,12.75,15,21
29/10/2016,4,11.375,16,20
30/10/2016,4,11,9,5
31/10/2016,7,12.125,6,61
01/11/2016,6,10.125,12,61
02/11/2016,4,7.25,13,21
03/11/2016,4,5.875,5,
04/11/2016,7,7.875,8,61
05/11/2016,7,5.5,5,61
06/11/2016,7,6.625,6,61
07/11/2016,7,3.5,14,61
08/11/2016,7,0.75,14,71
09/11/2016,0,1.25,4,10
10/11/2016,7,4,8,22
11/11/2016,4,4.875,10,21
12/11/2016,3,1.625,6,49
13/11/2016,4,1.375,9,5
14/11/2016,4,2,10,5
15/11/2016,7,7.75,9,61
16/11/2016,7,8.75,11,61
17/11/2016,6,7.75,9,21
18/11/2016,4,7.25,13,21
19/11/2016,6,6.625,11,21
20/11/2016,6,6.375,12,63
21/11/2016,7,11.5,6,61
22/11/2016,7,12.125,7,
23/11/2016,7,10,5,10
24/11/2016,0,4.5,8,10
25/11/2016,7,4,4,45
26/11/2016,7,5.875,10,61
27/11/2016,0,5.625,9,5
28/11/2016,1,2.875,11,
29/11/2016,3,3,9,10
30/11/2016,7,6.25,12,61
01/12/2016,8,8.5,19,61
02/12/2016,0,3.625,8,0
03/12/2016,4,-0.75,6,49
04/12/2016,8,4.125,6,
05/12/2016,7,3,7,
06/12/2016,7,6.25,5,61
07/12/2016,7,4.5,10,61
08/12/2016,8,8.625,12,10
09/12/2016,7,8.875,13,20
10/12/2016,7,9.5,10,61
12/12/2016,7,4.875,4,61
13/12/2016,7,6.285714,5,10
14/12/2016,7,4.625,6,45
15/12/2016,7,0,8,49
16/12/2016,8,-1,5,10
17/12/2016,8,2.125,6,10
18/12/2016,7,7,8,0
19/12/2016,8,5.75,4,0
20/12/2016,8,1.5,7,10
21/12/2016,6,3.625,10,10
22/12/2016,7,5.25,8,61
23/12/2016,7,6.375,9,10
24/12/2016,6,6.125,14,95
25/12/2016,7,9.375,16,61
26/12/2016,4,6.875,25,22
27/12/2016,6,8.25,21,
28/12/2016,4,7.125,12,0
29/12/2016,3,3.75,11,10
30/12/2016,4,1.75,10,10
31/12/2016,7,4.875,13,28
01/01/2017,8,5.5,12,61
02/01/2017,3,1.625,8,0
03/01/2017,7,6,16,61
04/01/2017,4,4,19,20
05/01/2017,4,-2.875,15,0
06/01/2017,1,-4.25,6,
07/01/2017,8,-0.5,11,71
08/01/2017,8,2.25,4,10
09/01/2017,8,2.5,6,20
10/01/2017,7,2.625,9,10
11/01/2017,7,4.625,15,61
12/01/2017,4,4.5,16,61
13/01/2017,3,3.125,7,61
14/01/2017,2,1.75,10,61
15/01/2017,5,1.375,10,71
16/01/2017,0,0.25,9,0
17/01/2017,7,0.5,4,10
18/01/2017,7,0.125,8,20
19/01/2017,8,1.5,8,61
20/01/2017,8,3.625,5,21
21/01/2017,7,5.75,5,10
22/01/2017,8,1.375,5,10
23/01/2017,7,1.125,8,10
24/01/2017,7,1.875,8,45
25/01/2017,7,-1.25,6,49
26/01/2017,6,1,7,10
27/01/2017,0,2.142857,7,5
28/01/2017,1,2.875,5,5
29/01/2017,7,4.75,8,61
30/01/2017,7,2.625,13,61
31/01/2017,7,3.125,15,10
01/02/2017,7,1.125,8,20
02/02/2017,7,1.75,6,61
03/02/2017,7,1.625,6,45
04/02/2017,7,5.75,6,61
05/02/2017,8,2,10,61
06/02/2017,7,2.5,12,61
07/02/2017,7,0,12,77
08/02/2017,8,-2,8,77
09/02/2017,8,-2.125,11,22
10/02/2017,7,-1.75,16,10
11/02/2017,7,0,17,0
12/02/2017,8,0.375,17,10
13/02/2017,0,-0.25,10,10
14/02/2017,2,-0.75,8,49
15/02/2017,0,5.875,4,5
16/02/2017,7,6.25,10,61
17/02/2017,7,6,9,61
18/02/2017,7,4.625,12,20
19/02/2017,7,5.625,8,61
20/02/2017,7,8,16,61
21/02/2017,6,7.625,18,
22/02/2017,6,7.375,20,61
23/02/2017,7,4.375,22,63
24/02/2017,1,4.125,15,21
25/02/2017,7,3.375,12,61
26/02/2017,7,7.5,11,61
27/02/2017,8,10.75,11,
28/02/2017,6,6,15,21
01/03/2017,6,5,14,63
02/03/2017,3,6.5,16,21
03/03/2017,2,8.375,10,0
04/03/2017,6,9.125,5,5
05/03/2017,7,7.375,12,61
06/03/2017,8,3.75,17,0
07/03/2017,7,1.75,7,20
08/03/2017,6,5.75,9,61
09/03/2017,7,7.375,8,21
10/03/2017,4,8.75,16,0
11/03/2017,2,7.75,9,0
12/03/2017,6,6.375,9,
13/03/2017,7,6.625,7,5
14/03/2017,6,10.5,13,0
15/03/2017,0,9.25,16,5
16/03/2017,5,11.75,9,
17/03/2017,6,6.75,18,63
18/03/2017,5,6.875,22,21
19/03/2017,8,3.875,9,79
20/03/2017,7,10.25,8,61
21/03/2017,5,8.75,20,21
22/03/2017,0,10.75,11,0
23/03/2017,4,8.125,11,
24/03/2017,0,10.5,7,0
25/03/2017,3,9.875,12,0
26/03/2017,3,9.375,7,0
27/03/2017,0,12.5,11,10
28/03/2017,0,13.875,7,0
29/03/2017,8,10,13,21
30/03/2017,7,16,12,61
31/03/2017,0,19.75,7,
01/04/2017,2,15.75,7,0
02/04/2017,2,13.375,13,0
03/04/2017,2,10.375,8,
04/04/2017,2,12.625,8,0
05/04/2017,5,9.875,18,21
06/04/2017,6,10,17,0
07/04/2017,6,11.125,18,20
08/04/2017,7,10.875,12,
09/04/2017,0,16,9,5
10/04/2017,7,9.5,19,21
11/04/2017,5,8.75,18,21
12/04/2017,7,8.75,13,61
13/04/2017,7,9,18,61
14/04/2017,7,9.25,12,63
15/04/2017,6,8.125,23,63
16/04/2017,7,6.875,7,61
17/04/2017,6,6.25,10,61
18/04/2017,4,5.625,15,
19/04/2017,0,6.375,10,0
20/04/2017,7,8.25,12,
21/04/2017,7,11.875,19,61
22/04/2017,5,7.5,21,61
23/04/2017,4,7.875,20,21
24/04/2017,7,8.875,17,63
25/04/2017,5,5.5,15,69
26/04/2017,6,7.625,7,61
27/04/2017,6,8.625,13,61
28/04/2017,7,8.625,10,61
29/04/2017,4,7.125,9,61
30/04/2017,1,11.875,12,0
01/05/2017,1,11.75,19,5
02/05/2017,2,10.875,21,5
03/05/2017,3,11.25,20,5
04/05/2017,7,10.625,19,
05/05/2017,7,8.25,15,61
06/05/2017,7,11,7,0
07/05/2017,0,17.125,9,0
08/05/2017,1,9.75,19,5
09/05/2017,4,10,12,
10/05/2017,7,9.25,11,61
11/05/2017,0,13.375,14,
12/05/2017,7,12.75,13,61
13/05/2017,6,17.875,6,21
14/05/2017,2,18.75,12,0
15/05/2017,3,17.375,9,0
16/05/2017,7,14.125,8,61
17/05/2017,6,23.125,7,
18/05/2017,4,23.125,12,
19/05/2017,6,17.375,7,21
20/05/2017,4,16,12,
21/05/2017,1,18.625,12,
22/05/2017,0,17.75,9,
23/05/2017,4,22.125,15,95
24/05/2017,3,17.125,18,0
25/05/2017,2,18.875,12,
26/05/2017,0,20.75,6,0
27/05/2017,0,24.75,7,
28/05/2017,1,22.375,14,61
29/05/2017,5,18.75,7,0
30/05/2017,6,20.5,14,5
31/05/2017,5,15.5,18,5
01/06/2017,0,17.375,12,5
02/06/2017,0,20.25,9,
03/06/2017,7,17.5,5,61
04/06/2017,5,17.125,14,61
05/06/2017,1,20.125,9,0
06/06/2017,4,21.625,10,61
07/06/2017,7,12.25,14,63
08/06/2017,7,14.875,8,61
09/06/2017,6,20.25,14,95
10/06/2017,5,19.25,10,0
11/06/2017,2,25,11,
12/06/2017,7,16.25,16,61
13/06/2017,6,16.125,16,21
14/06/2017,7,19.125,9,
15/06/2017,3,22.75,6,21
16/06/2017,5,17.375,20,21
17/06/2017,0,20.125,15,0
18/06/2017,2,24.25,9,
19/06/2017,1,25.375,7,0
20/06/2017,0,20.75,12,0
21/06/2017,3,18.75,10,
22/06/2017,3,20.25,10,95
23/06/2017,7,17.25,14,61
24/06/2017,6,17.875,19,61
25/06/2017,7,17.25,16,20
26/06/2017,3,17.375,16,21
27/06/2017,3,16.375,9,
28/06/2017,6,19.75,18,
29/06/2017,7,17.875,8,61
30/06/2017,7,14.875,11,63
01/07/2017,7,17.625,10,21
02/07/2017,7,17.125,18,21
03/07/2017,7,18.625,14,95
04/07/2017,6,17.25,15,
05/07/2017,2,19,9,
06/07/2017,0,18.375,8,
07/07/2017,5,20.625,7,61
08/07/2017,4,20.625,16,21
09/07/2017,1,19.125,9,
10/07/2017,7,17.5,6,61
11/07/2017,6,19.875,11,95
12/07/2017,7,14.75,12,61
13/07/2017,6,16.875,15,
14/07/2017,3,19.5,8,
15/07/2017,7,18.75,10,21
16/07/2017,8,17.375,9,61
17/07/2017,6,18.5,12,
18/07/2017,5,18.75,7,
19/07/2017,1,22.5,13,0
20/07/2017,7,21.5,5,61
21/07/2017,2,20.5,10,
22/07/2017,7,18.5,9,63
23/07/2017,6,19.375,12,61
24/07/2017,7,18.75,10,21
25/07/2017,7,16.25,16,63
26/07/2017,0,20.875,10,
27/07/2017,6,19.5,10,61
28/07/2017,6,18.125,17,61
29/07/2017,5,19.625,11,61
30/07/2017,5,24,11,61
31/07/2017,2,22.75,9,
01/08/2017,6,21.375,7,21
02/08/2017,5,21.375,8,61
03/08/2017,7,20.125,10,95
04/08/2017,6,19.625,18,21
05/08/2017,4,20.125,12,
06/08/2017,3,18.5,13,21
07/08/2017,2,22.4875,8,
08/08/2017,6,23.0625,8,21
09/08/2017,1,21.125,11,0
10/08/2017,6,19.6,9,
11/08/2017,7,16.375,8,61
12/08/2017,7,15.5625,8,61
13/08/2017,4,17.825,11,21
14/08/2017,1,18.6375,12,0
15/08/2017,2,25.0625,9,
16/08/2017,3,20.8625,8,0
17/08/2017,5,21.8,10,63
18/08/2017,6,19.6625,7,0
19/08/2017,5,16.9375,11,63
20/08/2017,6,16.0125,10,61
21/08/2017,7,17.2,15,61
22/08/2017,4,17.6125,11,
23/08/2017,0,19.4375,9,5
24/08/2017,3,19.4875,14,21
25/08/2017,3,19.7625,13,
26/08/2017,4,19.525,7,0
27/08/2017,4,19.6625,13,21
28/08/2017,4,20.5375,5,
29/08/2017,0,24.6,9,
30/08/2017,6,20,11,61
31/08/2017,7,14.8875,11,61
01/09/2017,4,17.3,7,61
02/09/2017,4,16.525,8,21
03/09/2017,3,17.4,7,0
04/09/2017,0,18.2875,10,0
05/09/2017,3,20.95,6,
06/09/2017,7,18.2,17,63
07/09/2017,5,17.2875,16,21
08/09/2017,7,14.9375,10,61
09/09/2017,7,15.025,9,61
10/09/2017,2,17.65,11,0
11/09/2017,3,17.8625,11,21
12/09/2017,5,16.1,12,21
13/09/2017,7,13.3375,20,63
14/09/2017,7,13.2375,13,61
15/09/2017,6,14.425,11,21
16/09/2017,8,11.9125,6,61
17/09/2017,7,15.25,7,61
18/09/2017,2,15.075,4,0
19/09/2017,5,14.3875,8,65
20/09/2017,7,14.225,10,61
21/09/2017,4,16.9625,7,10
22/09/2017,1,15.5875,8,0
23/09/2017,0,15.85,9,0
24/09/2017,7,15.8125,9,53
25/09/2017,6,16.225,15,21
26/09/2017,7,15.725,12,10
27/09/2017,7,16.575,10,61
28/09/2017,7,15.1125,7,21
29/09/2017,2,19.1,6,10
30/09/2017,7,15.1125,6,61
01/10/2017,2,16.2875,6,
02/10/2017,6,15.15,13,61
03/10/2017,5,14.2625,14,61
06/10/2017,1,13.8875,13,3
07/10/2017,7,10.65,10,61
08/10/2017,0,12.025,12,5
09/10/2017,5,12.475,8,20
10/10/2017,7,14.05,9,63
11/10/2017,7,14.6375,12,63
12/10/2017,6,13.1875,24,21
13/10/2017,6,14.1625,8,10
14/10/2017,8,15.7625,12,61
15/10/2017,2,17.8125,5,28
16/10/2017,5,17.9375,7,10
17/10/2017,7,14.725,13,
18/10/2017,4,14.8125,6,0
19/10/2017,6,14.85,9,10
20/10/2017,7,14.175,6,61
21/10/2017,7,13.0375,6,61
22/10/2017,7,11.025,7,61
23/10/2017,7,11.95,8,61
24/10/2017,7,11.925,8,61
25/10/2017,7,14.225,16,61
26/10/2017,5,13.475,12,
27/10/2017,4,11.95,13,
28/10/2017,7,11.2125,17,61
29/10/2017,2,9.9,20,21
30/10/2017,,8.1,11,
31/10/2017,,8.925,7,
01/11/2017,,12.975,12,
02/11/2017,,11.6875,13,
03/11/2017,,9.4375,7,
04/11/2017,,10.2625,5,
05/11/2017,,9.8,8,
06/11/2017,,8.2125,7,
07/11/2017,,6.7875,5,
08/11/2017,,8.625,9,
09/11/2017,6,8.55,9,10
10/11/2017,7,7.5375,16,61
11/11/2017,5,5.2375,8,63
12/11/2017,7,5.575,7,61
13/11/2017,2,5.9,9,10
14/11/2017,7,6.3875,11,61
15/11/2017,7,9.375,7,61
16/11/2017,8,8.8125,8,61
17/11/2017,3,7.725,10,21
18/11/2017,5,5.35,12,65
19/11/2017,3,6.25,15,21
20/11/2017,6,5.9625,6,
21/11/2017,7,4.9875,5,61
22/11/2017,7,10.6125,10,61
23/11/2017,7,12.225,16,61
24/11/2017,7,6.9875,8,61
25/11/2017,7,2.775,5,45
26/11/2017,7,4.65,12,61
27/11/2017,7,4.5625,14,61
28/11/2017,7,5.4875,12,61
29/11/2017,7,4.225,6,61
30/11/2017,7,2.8125,4,10
01/12/2017,6,4.3625,8,68
02/12/2017,7,0.375,8,61
03/12/2017,7,5.225,7,61
04/12/2017,2,5.3375,12,
05/12/2017,7,8.65,17,21
06/12/2017,7,8.9,17,0
07/12/2017,8,5.7625,13,61
08/12/2017,6,1.675,10,73
09/12/2017,3,3.5125,10,61
10/12/2017,7,0.9875,9,22
11/12/2017,8,2.2375,14,61
12/12/2017,7,1.55,12,68
13/12/2017,7,1.9875,12,69
14/12/2017,7,3.025,12,61
15/12/2017,7,3.0375,9,20
16/12/2017,1,3.275,10,10
17/12/2017,3,1.1375,7,10
18/12/2017,5,2.4625,6,10
19/12/2017,7,5.9125,7,20
20/12/2017,7,6.6375,6,20
21/12/2017,7,6.2375,10,21
22/12/2017,7,5.7625,9,10
23/12/2017,7,7.8,19,61
24/12/2017,7,8.1125,16,61
25/12/2017,7,8.7,14,61
26/12/2017,7,6.25,14,61
27/12/2017,7,4.6125,7,21
28/12/2017,4,4.0875,11,61
29/12/2017,5,2.8125,11,61
30/12/2017,7,4.05,10,61
31/12/2017,7,8.25,16,63
01/01/2018,6,6.6125,17,61
02/01/2018,6,5.7,8,61
03/01/2018,7,6.475,11,61
04/01/2018,6,5.5125,7,61
05/01/2018,8,4.325,10,61
06/01/2018,7,3.1875,8,61
07/01/2018,0,0.65,8,
08/01/2018,1,0.9875,7,5
09/01/2018,4,3.1625,11,0
10/01/2018,6,4.0125,6,21
11/01/2018,7,3.8375,10,61
12/01/2018,7,2.275,10,10
13/01/2018,8,1.275,8,10
14/01/2018,1,0.325,8,5
15/01/2018,7,1.5625,12,61
16/01/2018,7,3.3625,9,61
17/01/2018,6,1.8125,10,61
18/01/2018,7,1.1625,17,73
19/01/2018,6,1.975,10,73
20/01/2018,8,1.75,7,61
21/01/2018,6,-0.6125,3,49
22/01/2018,7,0.675,7,77
23/01/2018,7,4.6625,7,61
24/01/2018,8,11.6,14,61
25/01/2018,7,7.95,9,21
26/01/2018,6,5.9625,5,45
27/01/2018,8,5.6375,9,10
28/01/2018,6,7.6625,16,61
29/01/2018,7,7.55,21,63
30/01/2018,4,5.7375,15,10
31/01/2018,7,6.3,15,61
01/02/2018,7,3.5125,11,61
02/02/2018,7,3.45,6,61
03/02/2018,7,-1.1625,8,71
04/02/2018,7,0.825,18,73
05/02/2018,7,-0.2375,10,22
06/02/2018,1,-0.8625,5,10
07/02/2018,0,-1.285714,4,5
08/02/2018,0,-0.0125,6,5
09/02/2018,1,-0.2625,7,10
10/02/2018,1,0.5625,4,10
11/02/2018,7,2.3375,11,75
12/02/2018,5,1.825,15,75
13/02/2018,0,2.6875,7,10
14/02/2018,0,2.95,8,5
15/02/2018,7,0.675,11,73
16/02/2018,5,4.8625,12,21
17/02/2018,8,4.125,5,10
18/02/2018,5,4.375,8,0
19/02/2018,5,4.9125,4,5
20/02/2018,1,3.375,11,10
21/02/2018,6,2.175,7,22
22/02/2018,7,1.1125,7,20
23/02/2018,1,0.4375,12,5
24/02/2018,6,0.125,15,71
25/02/2018,7,-2.9625,14,71
26/02/2018,5,-1.5375,18,
27/02/2018,6,-3.425,16,71
28/02/2018,5,-6.1375,16,5
01/03/2018,6,-3.95,18,71
02/03/2018,6,-4.9625,15,71
03/03/2018,0,-3.4375,13,5
04/03/2018,5,-2.3125,10,77
05/03/2018,5,5.9875,7,10
06/03/2018,0,6.4,9,5
07/03/2018,7,1.1875,6,71
08/03/2018,5,4.4625,8,61
09/03/2018,7,4.45,13,61
10/03/2018,8,3.4,10,63
11/03/2018,5,11.475,7,45
12/03/2018,7,6.5375,5,61
13/03/2018,7,4.2625,12,61
14/03/2018,8,3.2,8,21
15/03/2018,8,2.4625,20,
16/03/2018,7,0.2,28,22
17/03/2018,5,-2.225,29,73
18/03/2018,1,-0.825,23,5
19/03/2018,0,2.3,8,5
20/03/2018,0,4.2125,17,5
21/03/2018,7,4.7,13,22
22/03/2018,8,5.7625,11,61
23/03/2018,8,4.425,5,22
24/03/2018,7,7.125,4,5
25/03/2018,7,7.625,6,0
26/03/2018,7,5.0375,8,61
27/03/2018,7,5.325,9,10
28/03/2018,7,3.725,14,61
29/03/2018,7,0.9,8,71
30/03/2018,1,3.225,13,5
31/03/2018,7,2.225,17,
01/04/2018,6,2.525,9,71
02/04/2018,5,6.1,8,5
03/04/2018,7,11.775,9,61
04/04/2018,4,13.2125,9,61
05/04/2018,7,8.6625,19,61
06/04/2018,1,9.9875,10,5
07/04/2018,0,14.75,9,5
08/04/2018,0,20.5,5,5
09/04/2018,5,15.3125,9,5
10/04/2018,8,5.1625,21,10
11/04/2018,8,4.7125,22,
12/04/2018,5,7.975,19,5
13/04/2018,6,8.7125,15,61
14/04/2018,8,7.675,10,61
15/04/2018,8,9.5375,7,61
16/04/2018,2,13.875,8,63
17/04/2018,0,15.25,11,0
18/04/2018,1,20.35,11,0
19/04/2018,0,23.1125,5,0
20/04/2018,0,24.375,13,0
21/04/2018,1,15.6625,10,5
22/04/2018,1,14.525,11,5
23/04/2018,4,14.4,18,5
24/04/2018,5,12.0875,21,61
25/04/2018,7,9.25,13,61
26/04/2018,6,11.0875,18,61
27/04/2018,5,13.0875,8,0
28/04/2018,7,14.65,8,61
29/04/2018,7,8.875,9,21
30/04/2018,7,11.55,10,95
01/05/2018,7,6.9875,13,63
02/05/2018,1,14.725,9,5
03/05/2018,1,12.5,14,0
04/05/2018,0,12.1875,10,5
05/05/2018,0,14.75,9,5
06/05/2018,0,18.9125,10,
07/05/2018,0,20.825,11,0
08/05/2018,0,22.3875,14,5
09/05/2018,0,23.3,12,
10/05/2018,5,20.525,9,95
11/05/2018,1,15.1,8,
12/05/2018,5,17.3375,10,0
13/05/2018,2,17.25,12,10
14/05/2018,0,18.8875,11,5
15/05/2018,0,18,9,0
16/05/2018,5,20.5625,13,21
17/05/2018,3,15.2875,10,5
18/05/2018,7,14.75,9,0
19/05/2018,6,14.9125,8,0
20/05/2018,0,18.9,13,5
21/05/2018,0,18.5125,16,5
22/05/2018,0,20.325,13,5
23/05/2018,0,20.1625,10,0
24/05/2018,0,20.35,15,5
25/05/2018,0,19.775,16,5
26/05/2018,0,19.875,11,5
27/05/2018,7,16.425,12,20
28/05/2018,2,20.2125,10,5
29/05/2018,0,23.4625,14,5
30/05/2018,1,23.1875,11,17
31/05/2018,0,21.8875,14,5
01/06/2018,0,21.375,12,5
02/06/2018,1,22.8875,10,5
03/06/2018,7,19.275,9,0
04/06/2018,5,19.25,14,20
05/06/2018,0,19.7,10,5
06/06/2018,0,22.15,14,5
07/06/2018,0,23.6875,10,
08/06/2018,0,22.7375,9,0
09/06/2018,6,22.1125,7,61
10/06/2018,7,19.1,8,61
11/06/2018,6,18.5125,15,
12/06/2018,8,15.3125,12,20
13/06/2018,7,16.4,14,61
14/06/2018,5,20.9,10,
15/06/2018,4,19.2,7,0
16/06/2018,5,21.325,7,95
17/06/2018,5,18.275,12,61
18/06/2018,7,17.6375,9,61
19/06/2018,3,19.2375,16,21
20/06/2018,3,23.65,13,0
21/06/2018,7,11.5625,15,65
22/06/2018,5,15.575,20,61
23/06/2018,7,14.3,18,61
24/06/2018,6,16.2375,10,21
25/06/2018,6,17.175,13,21
26/06/2018,3,20.075,6,21
27/06/2018,0,22.0125,11,5
28/06/2018,0,22.125,9,0
29/06/2018,0,21.85,15,5
30/06/2018,0,21.2375,10,5
01/07/2018,0,21.0625,12,5
02/07/2018,0,22.525,11,5
03/07/2018,0,22.4875,9,5
04/07/2018,5,19.7,9,
05/07/2018,7,17.5,12,20
06/07/2018,0,20.5125,18,5
07/07/2018,0,20.25,19,5
08/07/2018,0,23,10,5
09/07/2018,6,16.75,18,0
10/07/2018,2,18.675,15,5
11/07/2018,7,19.625,12,21
12/07/2018,1,26.075,14,
13/07/2018,0,23.975,13,5
14/07/2018,7,17.7625,12,0
15/07/2018,2,23.2,9,5
16/07/2018,0,24.25,9,5
17/07/2018,0,26.775,10,
18/07/2018,3,23.866666,13,0
19/07/2018,2,22.575,13,
20/07/2018,0,22.775,9,0
21/07/2018,0,25.0625,10,0
22/07/2018,1,25.0375,13,5
23/07/2018,3,24.8375,10,
24/07/2018,0,28.1,10,5
25/07/2018,1,28.425,11,61
26/07/2018,0,28.875,12,5
27/07/2018,0,27.5875,16,5
28/07/2018,3,28.75,11,95
29/07/2018,0,24.55,6,
30/07/2018,6,27.7875,10,21
31/07/2018,5,31.2875,11,
01/08/2018,0,23.7625,10,0
02/08/2018,0,26.1875,10,0
03/08/2018,1,27.6625,10,0
04/08/2018,4,25.1375,12,
05/08/2018,7,21.3,14,61
06/08/2018,0,23.1,5,0
07/08/2018,0,32.671428,7,
08/08/2018,4,28.15,10,
09/08/2018,5,24.575,13,21
10/08/2018,5,17.325,16,61
11/08/2018,6,15.5,13,61
12/08/2018,7,18.375,9,61
13/08/2018,7,21.9125,8,61
14/08/2018,5,21.8,16,61
15/08/2018,6,21.9875,13,21
16/08/2018,3,25.075,9,0
17/08/2018,7,19.55,9,61
18/08/2018,4,21.75,10,
19/08/2018,7,21.3875,10,
20/08/2018,6,19.6,13,21
21/08/2018,4,19.7875,8,
22/08/2018,0,26.6375,8,
23/08/2018,5,22.575,11,5
24/08/2018,5,17.1,15,61
25/08/2018,7,12.9,6,63
26/08/2018,3,16.9875,12,21
27/08/2018,6,16.5375,13,63
28/08/2018,6,18.6125,9,61
29/08/2018,0,22.7,12,0
30/08/2018,7,15.4625,13,63
31/08/2018,4,18.725,11,0
01/09/2018,2,18.1125,8,
02/09/2018,1,18.95,11,5
03/09/2018,2,21.0125,13,21
04/09/2018,1,20.525,11,5
05/09/2018,2,20.2875,11,0
06/09/2018,0,21.275,11,0
07/09/2018,7,17.475,12,61
10/09/2018,5,19.2375,12,
11/09/2018,7,16.55,12,61
12/09/2018,7,14.3,11,61
13/09/2018,4,17.3375,7,0
14/09/2018,3,17.1125,9,
21/09/2018,6,14.957142,16,61
22/09/2018,4,13.025,20,61
23/09/2018,6,11.65,6,61
24/09/2018,2,11.2875,17,21
25/09/2018,3,12.7625,9,0
26/09/2018,7,14.2375,16,61
27/09/2018,7,17.6,13,0
28/09/2018,1,12.8625,15,21
29/09/2018,6,13.1,10,61
30/09/2018,5,13.9625,12,21
01/10/2018,5,11.1625,12,21
02/10/2018,6,10,18,61
03/10/2018,4,12.2875,18,21
04/10/2018,7,14.2625,8,61
05/10/2018,0,18.1125,8,5
06/10/2018,1,14.3375,6,10
07/10/2018,1,11.4,10,5
08/10/2018,5,13.0625,10,
09/10/2018,3,15.125,9,0
10/10/2018,0,17.1,6,10
11/10/2018,0,19.633333,7,0
12/10/2018,0,21.4125,7,
15/10/2018,0,20.7875,6,0
16/10/2018,7,19.0625,6,10
17/10/2018,2,20.8375,5,5
18/10/2018,1,12.816666,12,5
19/10/2018,3,10.925,6,5
22/10/2018,2,11.1,14,0
23/10/2018,7,11.925,23,63
24/10/2018,4,10.357142,11,0
25/10/2018,6,11.125,19,21
26/10/2018,7,10.325,9,63
27/10/2018,7,5.8375,13,63
28/10/2018,2,5.5875,14,0
29/10/2018,7,7.3625,17,21
30/10/2018,7,10.6375,11,20
31/10/2018,5,9.9,10,0
01/11/2018,5,11.725,8,0
02/11/2018,6,10.675,12,61
03/11/2018,0,8.7,5,10
04/11/2018,8,8.225,5,10
05/11/2018,8,10.4125,6,10
06/11/2018,7,8.5375,5,45
07/11/2018,1,11.0875,4,28
08/11/2018,6,11.625,7,20
09/11/2018,7,9.3,6,61
10/11/2018,7,11.425,8,61
11/11/2018,7,12.2375,8,61
12/11/2018,7,10.5375,4,61
13/11/2018,7,10.325,9,61
14/11/2018,7,8.4375,7,10
15/11/2018,2,10.35,6,5
16/11/2018,0,8.2625,7,10
17/11/2018,0,5.375,10,10
18/11/2018,7,6.75,14,0
19/11/2018,6,5.775,21,61
20/11/2018,7,4.725,16,
21/11/2018,7,3.05,12,0
22/11/2018,8,1.5125,9,21
23/11/2018,8,1.8875,6,10
24/11/2018,8,3.025,4,10
25/11/2018,8,5.1625,12,53
26/11/2018,7,4.95,12,61
27/11/2018,8,2.1625,3,
28/11/2018,3,1.5,10,5
29/11/2018,7,3.3,10,61
30/11/2018,5,7.8375,8,
01/12/2018,7,7.1625,8,61
02/12/2018,7,8.15,8,61
03/12/2018,7,10.825,12,61
04/12/2018,1,5.442857,14,21
05/12/2018,1,3.7375,6,0
06/12/2018,7,6.725,7,61
07/12/2018,7,10.825,9,61
08/12/2018,8,7.475,18,61
09/12/2018,7,6.95,18,61
10/12/2018,5,4.9125,15,21
11/12/2018,6,4.6375,11,
12/12/2018,7,4.175,12,21
13/12/2018,7,2.925,10,61
14/12/2018,7,2.175,12,22
15/12/2018,7,0.5375,7,
16/12/2018,7,0.2,9,
17/12/2018,8,0.65,6,20
18/12/2018,7,5.3125,6,21
19/12/2018,7,3.175,9,61
20/12/2018,7,4.8875,4,53
21/12/2018,7,6.1125,9,61
22/12/2018,8,4.3,4,
23/12/2018,7,6.45,9,61
24/12/2018,7,2.5,10,22
25/12/2018,7,6.3625,16,
26/12/2018,7,7.9125,12,0
27/12/2018,7,7.125,12,20
28/12/2018,7,7.3125,11,61
29/12/2018,8,7.675,10,61
30/12/2018,2,6.675,16,
31/12/2018,7,7.3875,13,45
01/01/2019,6,6.2875,26,21
02/01/2019,0,3.9125,20,0
03/01/2019,2,0.725,6,
04/01/2019,7,5.55,15,61
05/01/2019,5,7.85,8,21
06/01/2019,7,3.65,7,61
07/01/2019,8,5.9375,8,55
08/01/2019,6,5.5,19,21
09/01/2019,7,3.1375,22,0
10/01/2019,7,1.4,7,
11/01/2019,6,6.8625,15,61
12/01/2019,7,6.0875,13,61
13/01/2019,7,7.6875,20,61
14/01/2019,2,1.9375,18,5
15/01/2019,7,6.6625,18,61
16/01/2019,7,7.2125,14,61
17/01/2019,7,4.1875,15,61
18/01/2019,1,1.2625,7,0
19/01/2019,2,0.925,4,49
20/01/2019,1,0.85,4,10
21/01/2019,6,-0.425,9,71
22/01/2019,5,0.1375,9,10
23/01/2019,4,-3.075,7,10
24/01/2019,8,-4.8125,6,22
25/01/2019,8,-3.3875,6,71
26/01/2019,7,3.8375,7,61
27/01/2019,8,4.9375,7,61
28/01/2019,8,2.75,5,20
29/01/2019,6,1.575,7,68
30/01/2019,5,1.6,10,
31/01/2019,7,1.4,7,20
01/02/2019,7,-0.075,12,10
02/02/2019,8,1.7375,10,10
03/02/2019,1,2.5,9,0
04/02/2019,7,2.95,12,
05/02/2019,7,4.6375,11,61
06/02/2019,7,3.6625,11,61
07/02/2019,7,6.0375,10,61
08/02/2019,7,6.5,11,61
09/02/2019,7,7.4,18,61
10/02/2019,7,5.125,7,61
11/02/2019,2,5.9375,16,0
12/02/2019,4,5.225,12,20
13/02/2019,8,7.5375,13,20
14/02/2019,3,7.4,10,10
15/02/2019,0,11.3375,7,0
16/02/2019,0,10.425,12,5
17/02/2019,3,11.625,5,5
18/02/2019,0,11.725,7,0
19/02/2019,7,6.75,15,63
20/02/2019,7,7.34,11,61
21/02/2019,8,7.675,12,61
22/02/2019,4,4.125,11,0
23/02/2019,6,4.775,6,
24/02/2019,0,9.6875,9,5
25/02/2019,0,9.8125,9,21
26/02/2019,0,10.85,7,5
27/02/2019,1,13.4125,10,5
28/02/2019,5,7.8875,11,21
01/03/2019,7,5.6375,8,
02/03/2019,7,5.4,7,
03/03/2019,6,8.975,13,61
04/03/2019,6,7.5375,20,61
05/03/2019,5,6.8875,17,61
06/03/2019,7,6.7625,9,61
07/03/2019,6,9.65,19,61
08/03/2019,5,6.8875,26,61
09/03/2019,6,6.35,22,63
10/03/2019,6,6.8875,10,21
11/03/2019,5,4.075,6,61
12/03/2019,6,5.425,13,61
13/03/2019,7,5.8,15,63
14/03/2019,7,5.5625,12,61
15/03/2019,7,7.4875,25,61
16/03/2019,7,5.5875,11,61
17/03/2019,5,7.4,20,21
18/03/2019,5,6.325,21,61
19/03/2019,3,7.0125,11,5
20/03/2019,8,8.2875,12,53
21/03/2019,8,10.225,14,10
22/03/2019,7,9.7,6,20
23/03/2019,6,10.2625,15,10
24/03/2019,4,7.6625,12,0
25/03/2019,4,7.3375,17,21
26/03/2019,7,7.8375,16,21
27/03/2019,8,8.375,14,61
28/03/2019,8,10.7,9,
29/03/2019,5,12.1125,11,21
30/03/2019,1,15.5,11,5
31/03/2019,0,7.6625,13,5
01/04/2019,0,8.05,13,5
02/04/2019,0,11.685714,10,5
03/04/2019,7,9.875,9,63
05/04/2019,2,12.0625,10,5
06/04/2019,0,12.7625,10,10
07/04/2019,0,12.8375,8,5
08/04/2019,1,9.1125,16,5
09/04/2019,1,6.6625,15,5
10/04/2019,0,6.275,14,5
11/04/2019,7,5.3375,12,22
12/04/2019,5,5.2125,11,22
13/04/2019,7,3.475,16,68
14/04/2019,7,5.9375,16,61
15/04/2019,2,7.35,14,5
16/04/2019,0,8.4375,15,5
17/04/2019,0,11.6625,14,5
18/04/2019,0,13.0125,14,5
19/04/2019,0,14.1,12,5
20/04/2019,0,13.125,8,
21/04/2019,0,16.8125,10,
22/04/2019,0,15.775,16,5
23/04/2019,0,14.225,19,5
24/04/2019,2,17.65,10,21
25/04/2019,0,19.6125,7,
26/04/2019,7,14.975,16,95
27/04/2019,5,16.2125,13,0
28/04/2019,7,9.85,10,61
29/04/2019,3,13.6125,12,10
30/04/2019,6,17.65,11,0
01/05/2019,7,9.2625,15,20
02/05/2019,7,8.95,16,61
03/05/2019,6,8.7625,18,21
04/05/2019,5,7.3,15,61
05/05/2019,5,10.6875,15,
06/05/2019,3,9.1625,18,61
07/05/2019,3,9.6625,14,21
08/05/2019,6,12.8125,8,61
09/05/2019,6,15,7,61
10/05/2019,7,10.4625,11,61
11/05/2019,1,11.525,9,
12/05/2019,1,13.0125,16,5
13/05/2019,1,12.7125,11,5
14/05/2019,7,12.3375,9,
15/05/2019,2,13.9,11,
16/05/2019,7,12.475,15,61
17/05/2019,7,11.95,11,10
18/05/2019,3,16.4875,13,5
19/05/2019,4,14.2375,12,10
20/05/2019,3,16.8125,9,28
21/05/2019,7,16.425,10,61
22/05/2019,6,12.1,15,61
23/05/2019,5,18.2375,10,0
24/05/2019,2,18.4125,17,0
25/05/2019,7,13.5375,14,
26/05/2019,7,13.625,10,61
27/05/2019,6,15.2625,13,
28/05/2019,6,13.1625,12,
29/05/2019,3,13.3625,8,0
30/05/2019,7,14.0125,9,61
31/05/2019,7,18.85,14,
01/06/2019,6,19.5625,15,0
02/06/2019,2,24.35,8,
03/06/2019,6,22.225,12,21
04/06/2019,7,16.0625,10,61
05/06/2019,5,22.9125,11,
06/06/2019,6,19.5,13,61
07/06/2019,1,17.45,10,
08/06/2019,7,16.2375,13,61
09/06/2019,5,18.65,10,
10/06/2019,7,16.125,14,61
11/06/2019,6,18.1375,6,95
12/06/2019,7,16.6625,10,95
13/06/2019,0,22.175,11,
14/06/2019,5,22.9,9,95
15/06/2019,7,18.2125,12,95
16/06/2019,6,20.3875,8,0
17/06/2019,3,21.875,9,
18/06/2019,5,25.1125,6,95
19/06/2019,3,25.95,8,17
20/06/2019,6,19.275,8,21
21/06/2019,6,18.1625,11,
22/06/2019,6,17.025,9,5
23/06/2019,1,20.375,12,5
24/06/2019,6,21.875,13,
25/06/2019,3,28.775,7,
26/06/2019,0,26.0375,16,5
27/06/2019,6,17.175,14,
28/06/2019,1,20.225,7,
29/06/2019,0,24.0375,8,0
30/06/2019,0,27.3375,19,5
01/07/2019,5,20.25,20,0
02/07/2019,6,15.1875,18,21
03/07/2019,5,16.5,13,21
04/07/2019,7,15.9625,15,61
05/07/2019,7,15.7375,13,61
06/07/2019,7,15.9125,17,61
07/07/2019,7,14.4625,16,
08/07/2019,7,16.0125,15,61
09/07/2019,7,16.625,13,20
10/07/2019,1,19.2125,11,
11/07/2019,7,17.6125,6,53
12/07/2019,7,18.475,7,61
13/07/2019,7,19.9,12,20
14/07/2019,8,15.3625,9,20
15/07/2019,7,15.5875,16,
16/07/2019,5,19.1125,14,0
17/07/2019,4,17.5375,6,0
18/07/2019,6,21.25,8,0
19/07/2019,6,21.0875,11,21
20/07/2019,7,24.35,14,95
21/07/2019,8,18.9,16,21
22/07/2019,7,16.6375,5,61
23/07/2019,0,26.1,9,0
24/07/2019,0,27.6875,10,0
25/07/2019,6,29.725,11,
26/07/2019,0,26.925,14,5
27/07/2019,4,23.5375,21,5
28/07/2019,3,23.35,14,5
29/07/2019,6,25.25,7,61
30/07/2019,7,20.7375,8,61
31/07/2019,6,20.45,7,61
01/08/2019,5,21.0625,9,61
